common_name,latin_name,family,habitat,class,group,body_size_g,maximum_longevity_y,female_maturity_d,litter_or_clutch_size_n,litters_or_clutches_per_y,trophic_level,knowntraits,IUCN_status,IUCN_year_of_assessment,IUCN_threat_habitatloss,IUCN_threat_overexploit,IUCN_threat_invasivesp,IUCN_threat_climatechange,IUCN_nthreats,first_assess,first_status,n_assessment,WOS_1987,WOS_1988,WOS_1989,WOS_1990,WOS_1991,WOS_1992,WOS_1993,WOS_1994,WOS_1995,WOS_1996,WOS_1997,WOS_1998,WOS_1999,WOS_2000,WOS_2001,WOS_2002,WOS_2003,WOS_2004,WOS_2005,WOS_2006,WOS_2007,WOS_2008,WOS_2009,WOS_2010,WOS_2011,WOS_2012,WOS_2013,WOS_2014,WOS_2015,WOS_2016,WOS_2017
Bean Goose,Anser fabalis,Anatidae,Terrestrial,Aves,Terrestrial birds,3350,25.6,1093,5,1,2,6,LC,2016,0,0,0,1,1,1988,LR/lc,9,0,0,0,0,4,0,0,1,1,1,0,1,0,3,0,0,0,0,0,1,1,4,2,0,2,4,1,1,1,5,4
Pink-footed Goose,Anser brachyrhynchus,Anatidae,Terrestrial,Aves,Terrestrial birds,2645,40.9,1095,4.7,1,2,6,LC,2016,0,0,0,1,1,1988,LR/lc,9,0,0,1,0,6,4,2,1,1,6,2,4,2,5,6,1,2,5,7,9,8,14,11,7,5,10,10,8,8,11,9
Greater White-fronted Goose,Anser albifrons,Anatidae,Terrestrial,Aves,Terrestrial birds,2681,47,1095,5,1,2,6,LC,2016,0,0,0,1,1,1988,LR/lc,9,0,0,1,1,7,2,1,2,5,4,3,3,7,4,5,5,4,9,4,9,3,10,5,8,12,12,10,5,3,12,7
Lesser White-fronted Goose,Anser erythropus,Anatidae,Terrestrial,Aves,Terrestrial birds,1950,14.75,1090,5,1,2,6,VU,2017,1,1,1,1,27,1994,VU,12,0,0,0,0,5,1,1,2,5,2,2,2,2,1,4,3,4,5,1,5,4,4,4,6,6,7,9,2,2,8,4
Snow Goose,Anser caerulescens,Anatidae,Terrestrial,Aves,Terrestrial birds,2087,27.5,730,4,1,2,6,LC,2016,0,0,0,1,1,1988,LR/lc,8,7,8,11,9,33,29,32,29,37,37,32,42,37,31,36,40,35,32,41,55,36,35,33,40,40,41,39,29,23,32,24
Ross's Goose,Anser rossii,Anatidae,Terrestrial,Aves,Terrestrial birds,1715,22.5,570,4,1,2,6,LC,2016,0,0,0,1,1,1988,LR/lc,8,0,0,0,0,0,0,0,0,0,0,0,1,3,0,1,1,2,0,1,4,2,4,4,1,7,3,1,1,2,4,3
Emperor Goose,Anser canagicus,Anatidae,Marine,Aves,Marine birds,2148,12,365,4.9,1,2,6,NT,2016,1,1,0,1,5,1988,LR/lc,8,1,0,0,1,1,4,1,3,2,0,1,1,1,3,9,3,1,3,2,3,3,4,1,1,4,1,1,2,0,4,0
Canada Goose,Branta canadensis,Anatidae,Terrestrial,Aves,Terrestrial birds,3200,42,730,5,1,2,6,LC,2016,0,0,0,1,1,2006,LC,9,11,17,12,15,33,28,26,27,39,35,29,23,28,26,30,25,28,28,31,34,38,31,24,29,29,34,29,36,20,19,25
Cackling Goose,Branta hutchinsii,Anatidae,Terrestrial,Aves,Terrestrial birds,1940,18.3,730,5.2,1,2,6,LC,2016,NA,NA,NA,NA,NA,2006,LC,9,0,1,0,2,1,2,0,2,2,0,2,0,1,2,2,1,1,1,2,1,1,3,4,0,6,0,5,2,1,1,0
Barnacle Goose,Branta leucopsis,Anatidae,Terrestrial,Aves,Terrestrial birds,1687,28.2,730,4.5,1,2,6,LC,2016,0,0,0,1,1,1988,LR/lc,8,1,2,3,1,16,14,10,7,5,14,12,17,8,7,20,11,17,17,21,25,21,19,14,18,21,30,16,13,15,23,11
Brant Goose,Branta bernicla,Anatidae,Terrestrial,Aves,Terrestrial birds,1163,28.8,730,4,1,2,6,LC,2016,0,0,0,1,1,1988,LR/lc,8,4,0,1,4,12,9,6,13,13,15,17,24,10,15,24,13,12,17,17,24,22,14,11,9,13,17,15,11,8,14,10
Red-breasted Goose,Branta ruficollis,Anatidae,Terrestrial,Aves,Terrestrial birds,1150,NA,NA,5.5,1,2,4,VU,2017,1,1,0,1,9,1994,VU,12,0,0,0,0,0,0,1,0,1,0,0,0,0,1,0,3,2,0,0,0,0,0,1,0,0,0,0,0,0,0,2
Tundra Swan,Cygnus columbianus,Anatidae,Terrestrial,Aves,Terrestrial birds,6350,24.1,730,4,1,2,6,LC,2016,0,0,0,1,1,1988,LR/lc,9,0,1,0,0,1,2,1,3,0,1,3,1,2,2,5,25,3,4,5,8,7,2,6,3,6,7,4,5,3,6,2
Eurasian Wigeon,Mareca penelope,Anatidae,Terrestrial,Aves,Terrestrial birds,660,35.2,365,8,1,2,6,LC,2017,1,0,1,1,10,1988,LR/lc,9,0,0,0,0,0,2,1,1,0,1,1,0,0,0,0,1,1,0,1,1,0,3,0,2,1,2,2,2,2,3,2
Baikal Teal,Sibirionetta formosa,Anatidae,Terrestrial,Aves,Terrestrial birds,350,NA,NA,7.4,1,2,4,LC,2016,1,1,1,1,12,1994,VU,10,0,0,0,0,0,1,0,0,0,0,0,0,1,0,0,0,0,0,0,0,1,0,0,1,0,0,1,0,1,1,0
Northern Pintail,Anas acuta,Anatidae,Terrestrial,Aves,Terrestrial birds,721,27.4,240,7.5,1,2,6,LC,2017,NA,NA,NA,NA,NA,1988,LR/lc,10,7,1,3,1,5,5,9,10,9,11,12,9,12,14,3,15,17,11,14,17,11,11,11,11,16,15,7,13,6,13,9
Greater Scaup,Aythya marila,Anatidae,Terrestrial,Aves,Terrestrial birds,929,22.1,365,9,1,3,6,LC,2016,0,0,0,1,1,1988,LR/lc,8,0,2,0,0,3,3,3,3,5,4,2,1,5,6,2,5,3,4,5,8,4,6,4,4,6,8,7,6,5,4,5
Steller's Eider,Polysticta stelleri,Anatidae,Marine,Aves,Marine birds,907,23,730,8,1,3,6,VU,2016,1,1,1,1,10,1988,LR/lc,12,0,0,0,0,0,0,0,0,0,0,2,0,2,4,3,0,0,1,3,3,1,1,0,2,0,1,3,0,1,0,1
Common Eider,Somateria mollissima,Anatidae,Marine,Aves,Marine birds,2130,37.8,730,4,1,3,6,NT,2016,1,1,1,1,19,1988,LR/lc,9,1,4,7,5,9,6,14,10,12,8,17,11,15,14,18,23,26,17,21,33,31,27,28,31,32,21,30,18,25,36,17
King Eider,Somateria spectabilis,Anatidae,Marine,Aves,Marine birds,1617,18.9,730,5,1,3,6,LC,2016,0,0,0,1,1,1988,LR/lc,8,0,1,0,0,0,0,1,0,0,1,5,1,1,4,4,4,3,5,3,5,9,4,9,8,5,2,4,6,6,2,1
Spectacled Eider,Somateria fischeri,Anatidae,Marine,Aves,Marine birds,1558,18,730,4.7,1,3,6,LC,2016,0,0,0,1,1,1988,LR/lc,9,0,0,0,0,0,0,0,0,0,1,4,2,3,4,3,4,2,1,0,3,4,2,5,8,0,3,2,3,2,1,0
Common Scoter,Melanitta nigra,Anatidae,Terrestrial,Aves,Terrestrial birds,1052,16.8,730,9,1,3,6,LC,2016,1,1,0,1,9,2012,LC,3,0,0,0,0,2,0,2,3,1,0,2,1,3,0,0,3,2,3,1,3,7,6,4,5,1,8,5,2,1,3,2
Black Scoter,Melanitta americana,Anatidae,Terrestrial,Aves,Terrestrial birds,1052,16.8,730,9,1,3,6,NT,2016,1,1,1,1,11,2012,NT,3,0,0,0,0,1,0,0,2,0,0,1,0,2,0,3,1,0,1,0,1,2,0,1,3,3,4,3,1,0,3,0
Velvet Scoter,Melanitta fusca,Anatidae,Terrestrial,Aves,Terrestrial birds,1361,21.4,730,11,1,3,6,VU,2016,1,1,1,1,19,2012,EN,4,0,0,2,0,0,0,1,1,0,0,3,1,0,0,0,2,1,2,2,4,5,8,2,2,3,9,5,3,1,3,0
Surf Scoter,Melanitta perspicillata,Anatidae,Terrestrial,Aves,Terrestrial birds,1098,9.5,730,6.7,1,3,6,LC,2016,0,0,0,1,1,1988,LR/lc,8,0,0,0,0,1,1,1,0,0,0,2,1,2,1,2,0,2,2,1,2,6,6,4,1,3,7,8,3,0,2,1
Long-tailed Duck,Clangula hyemalis,Anatidae,Marine,Aves,Marine birds,872,22.7,730,7,1,3,6,VU,2017,1,1,1,1,12,1988,LR/lc,10,0,0,0,0,1,0,1,0,1,2,1,2,0,1,2,1,3,4,5,3,2,3,2,1,2,5,6,2,3,3,3
Red-breasted Merganser,Mergus serrator,Anatidae,Terrestrial,Aves,Terrestrial birds,1021,21.3,730,10,1,4,6,LC,2016,0,0,0,1,1,1988,LR/lc,8,0,3,0,1,0,3,4,0,2,3,3,0,1,0,1,2,1,2,2,3,2,3,5,0,3,0,1,0,2,0,2
European Golden Plover,Pluvialis apricaria,Charadriidae,Terrestrial,Aves,Terrestrial birds,214,12.8,730,4,1,3,6,LC,2016,0,0,0,1,2,1988,LR/lc,8,2,0,2,0,0,2,3,2,1,1,2,1,3,2,2,6,4,3,8,4,6,2,6,5,6,4,3,6,1,3,4
Pacific Golden Plover,Pluvialis fulva,Charadriidae,Terrestrial,Aves,Terrestrial birds,135,21.3,365,3.9,1,3,6,LC,2016,0,0,0,1,1,1988,LR/lc,8,0,0,1,0,0,1,2,1,1,2,3,0,0,1,2,1,1,2,0,1,1,0,0,2,0,0,1,2,1,2,0
American Golden Plover,Pluvialis dominica,Charadriidae,Terrestrial,Aves,Terrestrial birds,118,13,365,4,1,3,6,LC,2016,0,0,0,1,1,1988,LR/lc,8,0,0,0,0,1,2,1,0,1,0,1,2,1,1,1,1,6,2,1,2,2,1,0,2,0,0,4,3,1,2,1
Grey Plover,Pluvialis squatarola,Charadriidae,Terrestrial,Aves,Terrestrial birds,224,25.6,730,4,1,3,6,LC,2017,0,0,0,1,1,1988,LR/lc,10,0,2,0,4,4,2,5,9,5,5,8,5,7,7,11,3,5,2,3,3,6,6,3,5,3,6,3,4,5,8,2
Common Ringed Plover,Charadrius hiaticula,Charadriidae,Terrestrial,Aves,Terrestrial birds,64,20.8,365,3.5,2,3,6,LC,2016,0,0,0,1,1,1988,LR/lc,8,0,0,1,0,1,2,1,2,3,1,1,1,1,4,1,2,6,2,1,3,3,1,3,0,0,0,0,1,2,5,4
Semi-palmated Plover,Charadrius semipalmatus,Charadriidae,Terrestrial,Aves,Terrestrial birds,52,9.2,912,4,1,3,6,LC,2016,0,0,0,1,1,1988,LR/lc,8,0,0,0,1,1,1,2,0,1,1,4,3,4,3,3,0,2,1,1,3,1,1,3,4,1,0,2,1,0,3,0
Eurasian Dotterel,Eudromias morinellus,Charadriidae,Terrestrial,Aves,Terrestrial birds,109,11.8,727,3,1.5,3,6,LC,2016,0,0,0,1,1,1988,LR/lc,8,1,0,0,0,0,0,0,1,1,1,1,0,1,0,0,2,0,0,1,1,0,0,0,0,1,0,1,0,1,0,0
Long-billed Dowitcher,Limnodromus scolopaceus,Scolopacidae,Terrestrial,Aves,Terrestrial birds,130,13.2,365,4,1,3,6,LC,2016,0,0,0,1,1,1988,LR/lc,8,0,1,0,0,0,0,0,0,1,2,0,2,1,0,1,1,2,0,1,2,3,3,0,1,1,1,1,0,1,2,0
Hudsonian Godwit,Limosa haemastica,Scolopacidae,Terrestrial,Aves,Terrestrial birds,256,NA,NA,4,1,3,4,LC,2016,0,0,0,1,1,1988,NT,8,1,0,0,0,1,0,0,0,0,1,0,1,0,1,0,0,0,1,1,0,2,1,2,1,1,2,0,0,2,0,3
Bar-tailed Godwit,Limosa lapponica,Scolopacidae,Terrestrial,Aves,Terrestrial birds,322,34,730,4,1,3,6,NT,2017,1,1,1,1,22,1988,LR/lc,10,1,0,1,2,2,2,5,2,1,4,6,3,2,6,3,11,8,7,5,11,3,2,7,2,7,7,7,5,3,8,5
Eskimo Curlew,Numenius borealis,Scolopacidae,Terrestrial,Aves,Terrestrial birds,369,NA,NA,3.4,NA,2.5,3,CR,2016,1,1,0,1,8,1994,CR,11,0,0,0,0,0,0,0,0,0,0,0,0,0,0,0,0,0,0,0,0,0,0,0,2,0,0,0,1,0,0,0
Whimbrel,Numenius phaeopus,Scolopacidae,Terrestrial,Aves,Terrestrial birds,366,24.2,730,4,1,3,6,LC,2016,0,0,0,1,1,1988,LR/lc,8,0,1,0,4,3,6,10,3,5,7,3,2,4,5,4,2,3,2,3,3,3,2,5,0,3,3,0,2,3,5,2
Bristle-thighed Curlew,Numenius tahitiensis,Scolopacidae,Terrestrial,Aves,Terrestrial birds,409,23.8,1065,4,1,2.5,6,VU,2016,1,1,1,1,14,1994,VU,9,0,1,0,0,0,1,1,2,1,1,0,1,0,0,1,1,0,0,0,0,0,0,0,0,0,1,0,0,1,3,0
Spotted Redshank,Tringa erythropus,Scolopacidae,Terrestrial,Aves,Terrestrial birds,158,8.6,365,4,1,3,6,LC,2016,1,1,0,1,9,1988,LR/lc,9,0,0,0,0,1,2,0,1,0,0,0,0,0,0,0,0,0,1,0,2,1,0,2,0,0,0,0,0,1,0,0
Wandering Tattler,Tringa incana,Scolopacidae,Terrestrial,Aves,Terrestrial birds,111,NA,NA,4,NA,3,3,LC,2016,0,0,0,1,1,1988,LR/lc,8,0,0,0,0,0,0,0,0,0,0,1,0,0,0,0,0,0,0,0,0,0,0,0,0,0,0,0,0,0,1,0
Ruddy Turnstone,Arenaria interpres,Scolopacidae,Terrestrial,Aves,Terrestrial birds,136,22.3,730,4,1,3,6,LC,2016,0,0,0,1,1,1988,LR/lc,8,0,2,0,2,4,4,5,3,2,2,4,4,3,6,4,4,7,7,2,3,9,2,4,5,0,4,3,4,1,4,1
Black Turnstone,Arenaria melanocephala,Scolopacidae,Terrestrial,Aves,Terrestrial birds,119,NA,NA,4,1,3,4,LC,2016,0,0,0,1,1,1988,LR/lc,8,0,0,0,1,2,1,1,0,1,0,0,2,1,4,2,0,2,1,0,0,2,0,0,0,0,0,0,1,0,1,0
Surfbird,Calidris virgata,Scolopacidae,Terrestrial,Aves,Terrestrial birds,198,NA,NA,4,NA,3,3,LC,2016,0,0,0,1,1,1988,LR/lc,8,1,0,0,0,0,0,1,0,0,0,1,0,0,1,1,0,1,0,0,0,0,0,0,0,0,0,0,1,0,0,0
Great Knot,Calidris tenuirostris,Scolopacidae,Terrestrial,Aves,Terrestrial birds,179,NA,NA,4,NA,2.5,3,EN,2016,1,1,1,1,17,1988,LR/lc,10,0,0,0,3,9,11,13,7,15,12,18,12,4,12,8,12,15,23,17,17,17,12,18,15,11,13,11,11,15,16,12
Red Knot,Calidris canutus,Scolopacidae,Terrestrial,Aves,Terrestrial birds,135,27.3,1095,4,1,3,6,NT,2017,1,1,1,1,20,1988,LR/lc,10,1,1,1,1,4,7,15,13,7,14,7,11,13,10,14,13,12,19,15,18,29,17,28,40,24,31,25,21,26,30,13
Sanderling,Calidris alba,Scolopacidae,Terrestrial,Aves,Terrestrial birds,50,18.6,730,4,1.5,3,6,LC,2016,0,0,0,1,1,1988,LR/lc,8,2,0,1,5,5,5,6,7,1,3,11,2,3,5,2,4,8,2,3,4,4,4,7,7,4,3,5,6,3,7,2
Semipalmated Sandpiper,Calidris pusilla,Scolopacidae,Terrestrial,Aves,Terrestrial birds,27,19.3,365,4,1,3,6,NT,2016,1,1,1,1,11,1988,LR/lc,8,0,2,1,3,6,3,8,10,5,1,7,8,12,8,10,7,9,2,8,9,10,14,13,10,9,20,15,11,8,15,7
Western Sandpiper,Calidris mauri,Scolopacidae,Terrestrial,Aves,Terrestrial birds,26,9.2,730,4,1,3,6,LC,2016,0,0,0,1,1,1988,LR/lc,8,1,1,1,1,5,0,6,5,5,6,9,11,8,13,8,13,11,9,13,20,17,17,17,12,12,18,21,14,14,13,11
Red-necked Stint,Calidris ruficollis,Scolopacidae,Terrestrial,Aves,Terrestrial birds,27,5.1,NA,4,1.5,3,5,NT,2016,1,0,0,1,8,1988,LR/lc,9,0,0,0,0,0,0,0,2,0,1,1,0,1,1,1,0,0,1,0,1,2,0,3,0,1,1,0,0,1,1,0
Little Stint,Calidris minuta,Scolopacidae,Terrestrial,Aves,Terrestrial birds,21,14.7,730,4,2,3,6,LC,2016,1,1,1,1,12,1988,LR/lc,8,0,0,0,0,1,1,0,2,0,1,3,3,0,1,0,1,1,0,0,0,3,1,3,2,3,3,1,2,3,1,2
Temminck's Stint,Calidris temminckii,Scolopacidae,Terrestrial,Aves,Terrestrial birds,23,12.9,455,4,2,3,6,LC,2016,0,0,1,1,15,1988,LR/lc,8,0,0,1,0,0,0,0,1,0,1,0,1,0,0,0,0,0,0,0,1,0,3,1,1,2,1,0,3,3,1,0
Least Sandpiper,Calidris minutilla,Scolopacidae,Terrestrial,Aves,Terrestrial birds,26,16,365,4,1,3,6,LC,2016,0,0,0,1,1,1988,LR/lc,9,1,1,0,2,9,4,10,10,6,6,12,14,5,18,12,7,10,7,13,15,20,13,17,19,12,18,9,15,13,9,11
White-rumped Sandpiper,Calidris fuscicollis,Scolopacidae,Terrestrial,Aves,Terrestrial birds,42,7,365,4,1,3,6,LC,2016,0,0,0,1,1,1988,LR/lc,8,1,0,0,1,3,1,1,1,0,0,0,2,1,3,2,2,2,1,1,2,3,2,4,3,2,3,0,4,3,1,1
Baird's Sandpiper,Calidris bairdii,Scolopacidae,Terrestrial,Aves,Terrestrial birds,39,NA,NA,4,1,3,4,LC,2016,0,0,0,1,1,1988,LR/lc,8,0,1,0,0,0,1,1,0,0,0,0,1,0,0,0,1,0,0,0,2,0,0,1,0,1,2,0,1,1,1,1
Pectoral Sandpiper,Calidris melanotos,Scolopacidae,Terrestrial,Aves,Terrestrial birds,85,5.9,365,4,1,3,6,LC,2016,0,0,0,1,1,1988,LR/lc,8,0,0,0,1,1,1,0,0,1,2,1,2,3,2,0,1,0,3,1,2,1,0,2,2,1,2,2,3,1,1,1
Sharp-tailed Sandpiper,Calidris acuminata,Scolopacidae,Terrestrial,Aves,Terrestrial birds,68,NA,NA,4,NA,3,3,LC,2016,0,0,0,1,1,1988,LR/lc,9,0,0,0,0,0,0,0,0,0,0,0,0,0,0,0,0,0,0,0,1,0,0,0,0,1,1,2,0,0,0,0
Curlew Sandpiper,Calidris ferruginea,Scolopacidae,Terrestrial,Aves,Terrestrial birds,58,19.7,1095,4,NA,3,5,NT,2017,1,1,1,1,25,1988,LR/lc,10,1,0,0,0,3,3,5,6,6,5,3,3,1,5,4,3,4,0,2,2,2,0,1,1,3,3,4,5,0,1,4
Purple Sandpiper,Calidris maritima,Scolopacidae,Terrestrial,Aves,Terrestrial birds,65,20.8,1095,4,1,3,6,LC,2016,0,0,0,1,1,1988,LR/lc,8,0,1,0,2,0,1,3,1,0,2,2,3,1,0,2,2,2,3,0,0,0,1,2,2,1,3,4,1,1,2,1
Rock Sandpiper,Calidris ptilocnemis,Scolopacidae,Terrestrial,Aves,Terrestrial birds,84,7.34,365,4,1,3,6,LC,2016,0,0,0,1,1,1988,LR/lc,8,0,0,0,1,0,0,0,0,0,0,0,0,0,1,0,1,0,0,0,0,0,0,1,0,0,1,2,1,0,2,1
Dunlin,Calidris alpina,Scolopacidae,Terrestrial,Aves,Terrestrial birds,53,28.8,730,4,1,3,6,LC,2017,1,0,1,1,16,1988,LR/lc,9,2,2,4,4,4,8,9,8,4,13,16,8,16,9,12,18,10,13,19,18,21,21,20,10,13,17,13,13,16,23,13
Stilt Sandpiper,Calidris himantopus,Scolopacidae,Terrestrial,Aves,Terrestrial birds,57,11.1,730,4,1,3,6,LC,2016,0,0,0,1,1,1988,LR/lc,8,0,0,0,0,1,1,0,0,2,1,2,1,1,1,0,1,2,0,1,0,2,1,0,0,1,1,0,2,1,0,1
Spoon-billed Sandpiper,Calidris pygmaea,Scolopacidae,Terrestrial,Aves,Terrestrial birds,32,NA,NA,4,NA,3,3,CR,2017,1,1,1,1,15,1994,VU,14,0,0,0,0,0,0,0,0,0,0,0,0,0,0,0,1,0,0,0,0,0,0,0,2,0,0,0,0,0,2,1
Broad-billed Sandpiper,Calidris falcinellus,Scolopacidae,Terrestrial,Aves,Terrestrial birds,37,6.8,NA,4,1,3,5,LC,2016,1,1,0,1,8,1988,LR/lc,8,1,0,0,0,0,0,1,1,0,0,0,0,0,0,1,0,1,0,0,1,0,0,0,0,2,1,0,0,1,1,0
Buff-breasted Sandpiper,Calidris subruficollis,Scolopacidae,Terrestrial,Aves,Terrestrial birds,62,NA,NA,4,1,3,4,NT,2017,1,1,0,1,18,1988,LR/lc,9,0,1,0,1,0,0,0,1,1,0,2,3,1,0,1,3,3,1,1,0,1,1,1,1,1,2,2,1,0,0,0
Ruff,Calidris pugnax,Scolopacidae,Terrestrial,Aves,Terrestrial birds,136,13.9,730,4,1,2.5,6,LC,2016,0,0,0,1,1,1988,LR/lc,9,8,8,6,5,8,3,13,8,9,9,12,10,12,16,15,12,20,10,14,17,16,20,8,15,20,15,18,13,11,11,14
Red-necked Phalarope,Phalaropus lobatus,Scolopacidae,Terrestrial,Aves,Terrestrial birds,34,12.9,365,3.955,1.5,3,6,LC,2016,0,0,0,1,1,1988,LR/lc,8,1,3,1,1,3,0,1,3,1,0,1,1,1,1,1,1,2,4,0,1,1,1,1,1,0,2,3,4,2,3,1
Red Phalarope,Phalaropus fulicarius,Scolopacidae,Terrestrial,Aves,Terrestrial birds,56,6.1,363,4,1,3,6,LC,2016,0,0,0,1,1,1988,LR/lc,8,2,3,1,1,2,2,2,2,1,0,2,2,4,0,1,2,1,4,0,1,5,1,1,3,1,3,2,3,2,4,1
Red-throated Loon,Gavia stellata,Gaviidae,Freshwater,Aves,Terrestrial birds,1816,24,1095,2,1,4,6,LC,2016,0,0,0,1,1,1988,LR/lc,8,0,2,0,1,1,1,3,4,0,1,1,0,1,1,2,0,0,1,0,1,2,1,2,1,2,2,1,3,3,2,0
Black-throated Loon,Gavia arctica,Gaviidae,Freshwater,Aves,Terrestrial birds,2724,28,1095,1.74,2,4,6,LC,2016,0,0,0,1,1,1988,LR/lc,9,0,0,0,0,1,0,1,2,0,0,0,0,0,2,1,0,1,1,2,2,0,1,0,0,2,0,1,0,1,0,1
Pacific Loon,Gavia pacifica,Gaviidae,Freshwater,Aves,Terrestrial birds,2665,28,1002,1.95,1.5,4,6,LC,2016,0,0,0,1,1,1988,LR/lc,8,0,0,1,0,0,0,1,3,0,1,0,0,2,1,1,1,0,1,1,1,1,0,0,0,0,0,0,6,1,0,1
Common Loon,Gavia immer,Gaviidae,Freshwater,Aves,Terrestrial birds,3405,24.1,1461,2,1,4,6,LC,2016,NA,NA,NA,NA,NA,1988,LR/lc,8,3,3,3,3,3,2,3,7,2,1,5,2,8,5,3,5,7,3,8,15,9,13,7,10,24,7,9,21,8,4,3
Yellow-billed Loon,Gavia adamsii,Gaviidae,Freshwater,Aves,Terrestrial birds,5050,30,1095,2,1,4,6,NT,2016,1,1,0,1,8,1988,LR/lc,10,0,1,1,0,0,0,1,0,0,1,0,0,0,0,0,0,0,0,1,2,0,0,0,0,0,0,0,5,2,0,1
Northern Fulmar,Fulmarus glacialis,Procellariidae,Marine,Aves,Marine birds,908,51,2200,1,1,4,6,LC,2017,NA,NA,NA,NA,NA,1988,LR/lc,9,2,0,1,4,3,10,5,3,6,5,10,10,10,6,6,8,9,2,9,6,4,8,12,12,11,14,8,11,4,9,7
Pelagic Cormorant,Phalacrocorax pelagicus,Phalacrocoracidae,Marine,Aves,Marine birds,2041,17.8,730,4,1,4,6,LC,2016,0,0,0,1,1,1988,LR/lc,8,0,0,0,0,4,3,0,0,2,1,3,1,1,3,3,2,2,3,3,2,6,3,3,8,5,11,5,3,3,5,1
Great Skua,Catharacta skua,Stercorariidae,Marine,Aves,Marine birds,1340,34.5,2190,2,1,4,6,LC,2017,0,0,0,1,1,1988,LR/lc,9,0,1,1,3,5,7,6,4,3,3,15,14,16,9,10,7,12,10,11,8,11,14,15,9,14,4,6,9,7,9,6
Pomarine Skua,Stercorarius pomarinus,Stercorariidae,Marine,Aves,Marine birds,694,NA,NA,1.98,1,4,4,LC,2016,0,0,0,1,1,1988,LR/lc,8,1,0,0,0,1,0,1,0,0,0,3,2,3,1,0,0,1,0,0,0,0,0,1,1,0,0,1,2,0,1,1
Parasitic Jaeger,Stercorarius parasiticus,Stercorariidae,Marine,Aves,Marine birds,446,31.1,1200,2,1,4,6,LC,2016,0,0,0,1,1,1988,LR/lc,8,1,0,1,0,1,0,1,0,2,1,6,7,3,3,3,2,3,3,1,2,1,1,1,0,2,2,0,3,1,2,1
Long-tailed Jaeger,Stercorarius longicaudus,Stercorariidae,Terrestrial,Aves,Terrestrial birds,298,14,NA,2,1,4,5,LC,2016,0,0,0,1,1,1988,LR/lc,8,0,0,1,0,0,0,0,0,1,0,2,0,0,2,0,0,0,1,0,1,0,0,2,0,1,1,1,6,2,2,2
Black-legged Kittiwake,Rissa tridactyla,Laridae,Marine,Aves,Marine birds,317,28.5,1460,2,1,2.5,6,LC,2016,0,0,0,1,1,1988,LR/lc,9,5,3,1,2,6,15,8,12,14,17,19,17,20,16,18,20,21,23,17,18,35,23,20,20,20,30,25,35,25,19,26
Ivory Gull,Pagophila eburnea,Laridae,Marine,Aves,Marine birds,550,23.9,730,2,1,4,6,NT,2017,1,1,0,1,10,1988,LR/lc,11,0,0,0,0,0,0,0,0,0,1,3,0,0,1,1,0,1,2,2,1,2,0,1,1,1,4,0,2,2,5,3
Sabine's Gull,Xema sabini,Laridae,Marine,Aves,Marine birds,195,8.1,NA,2.18,1,2.5,5,LC,2016,0,0,0,1,1,1988,LR/lc,8,0,0,0,0,0,0,0,0,0,0,1,0,0,1,1,0,2,1,3,0,2,0,0,0,0,3,0,0,0,0,1
Ross's Gull,Rhodostethia rosea,Laridae,Marine,Aves,Marine birds,187,NA,NA,3,1,3,4,LC,2016,0,0,0,1,1,1988,LR/lc,8,0,0,0,0,0,0,0,0,0,0,2,0,0,0,0,0,1,0,0,0,0,1,0,0,0,1,1,1,1,1,1
Glaucous Gull,Larus hyperboreus,Laridae,Terrestrial,Aves,Terrestrial birds,1210,21.1,1460,3,1,4,6,LC,2016,0,0,0,1,1,1988,LR/lc,8,3,4,0,3,5,5,7,1,2,6,9,5,6,6,12,12,3,5,7,4,3,4,12,5,10,12,7,7,9,6,5
Iceland Gull,Larus glaucoides,Laridae,Marine,Aves,Marine birds,946,33,1460,2.39,1,4,6,LC,2016,0,1,0,1,3,2000,LR/lc,8,0,0,0,0,2,0,0,0,0,1,1,0,0,0,0,2,1,0,0,0,1,0,1,1,1,2,0,2,1,1,0
Thayer's Gull,Larus thayeri,Laridae,Marine,Aves,Marine birds,1013,49,1460,2.6,1,4,6,LC,2017,0,0,0,1,1,2000,LR/lc,9,0,0,0,0,0,0,0,0,0,0,0,0,1,0,0,0,0,0,2,0,1,0,0,1,0,1,1,0,0,0,0
American Herring Gull,Larus smithsonianus,Laridae,Marine,Aves,Marine birds,1094,49,1825,3,1,4,6,LC,2016,NA,NA,NA,NA,NA,2014,LC,2,0,0,0,0,1,1,2,0,1,2,4,1,3,0,1,0,1,2,0,1,1,0,2,2,3,0,1,3,1,4,0
Vega Gull,Larus vegae,Laridae,Marine,Aves,Marine birds,1090,49,1460,2.6,1,NA,5,NA,NA,NA,NA,NA,NA,NA,NA,NA,NA,0,0,0,0,0,0,0,0,0,0,0,0,0,0,0,0,0,0,0,0,0,0,0,0,0,0,0,0,0,0,0
Slaty-backed Gull,Larus schistisagus,Laridae,Marine,Aves,Marine birds,1373,NA,NA,3,NA,4,3,LC,2016,0,0,0,1,1,1988,LR/lc,8,0,1,0,0,0,1,1,0,0,0,1,0,0,1,0,0,0,0,1,1,1,0,0,2,0,3,1,2,0,2,0
Arctic Tern,Sterna paradisaea,Laridae,Marine,Aves,Marine birds,100,34,1095,2,1,4,6,LC,2016,0,0,0,1,1,1988,LR/lc,9,1,1,3,1,2,6,2,4,3,2,11,2,6,6,3,3,6,5,3,5,9,10,2,2,4,3,4,4,4,3,3
Little Auk,Alle alle,Alcidae,Marine,Aves,Marine birds,160,25,1096,1,1,3,6,LC,2017,0,0,0,1,2,1988,LR/lc,9,0,1,2,0,3,5,4,2,1,6,6,3,5,5,2,6,6,6,2,3,8,6,8,11,14,18,11,13,13,8,9
Common Murre,Uria aalge,Alcidae,Marine,Aves,Marine birds,992,42.8,1825,1,1,4,6,LC,2016,0,0,0,1,1,1988,LR/lc,8,8,6,2,4,15,15,15,10,12,25,27,17,25,26,20,20,23,23,20,20,33,30,25,24,19,32,21,17,25,19,14
Thick-billed Murre,Uria lomvia,Alcidae,Marine,Aves,Marine birds,964,29,1862,1,1,4,6,LC,2016,0,0,0,1,2,1988,LR/lc,8,3,1,0,0,5,5,10,6,5,12,13,8,10,12,10,15,15,11,13,8,5,23,21,17,8,24,19,11,14,13,17
Razorbill,Alca torda,Alcidae,Marine,Aves,Marine birds,726,42,1460,1,1,4,6,NT,2016,1,1,1,1,19,1988,LR/lc,9,0,2,1,2,3,6,1,2,3,4,8,3,5,5,5,5,5,3,4,2,5,9,7,6,3,8,2,4,5,3,3
Black Guillemot,Cepphus grylle,Alcidae,Marine,Aves,Marine birds,428,29.9,1095,2,1,4,6,LC,2016,0,0,0,1,1,1988,LR/lc,8,5,1,1,2,2,2,4,4,1,1,5,3,6,5,2,6,6,4,3,4,7,3,4,5,3,10,5,3,6,4,4
Kittlitz's Murrelet,Brachyramphus brevirostris,Alcidae,Marine,Aves,Marine birds,229,NA,NA,1,1,4,4,NT,2016,1,1,0,1,6,1988,LR/lc,12,0,0,0,0,0,0,0,0,1,2,0,2,2,1,0,0,1,1,0,0,1,2,1,1,0,4,0,2,3,2,0
Parakeet Auklet,Aethia psittacula,Alcidae,Marine,Aves,Marine birds,273,NA,NA,1,NA,3,3,LC,2016,0,0,0,1,2,1988,LR/lc,8,0,0,0,0,0,0,2,0,0,0,0,1,3,1,1,2,1,1,1,2,0,0,2,1,0,1,1,0,0,0,3
Crested Auklet,Aethia cristatella,Alcidae,Marine,Aves,Marine birds,289,10.8,1095,1,1,3,6,LC,2016,0,0,0,1,2,1988,LR/lc,8,0,0,0,2,0,3,1,0,1,0,0,2,4,3,0,2,1,4,1,6,2,3,4,3,4,3,3,2,1,1,4
Least Auklet,Aethia pusilla,Alcidae,Marine,Aves,Marine birds,96,8.1,1095,1,1,3,6,LC,2016,0,0,0,1,1,1988,LR/lc,8,0,0,0,4,3,5,3,1,1,2,2,3,6,4,4,8,2,8,3,6,5,5,6,8,6,6,8,2,2,4,4
Atlantic Puffin,Fratercula arctica,Alcidae,Marine,Aves,Marine birds,491,40.8,1460,1,1,4,6,VU,2017,1,1,1,1,20,1988,LR/lc,10,4,2,1,3,8,6,5,4,5,8,13,8,10,8,10,11,11,9,5,9,11,13,9,9,15,7,7,7,7,8,4
Horned Puffin,Fratercula corniculata,Alcidae,Marine,Aves,Marine birds,581,20,1461,1,1,4,6,LC,2016,0,0,0,1,1,1988,LR/lc,8,0,0,0,0,0,1,1,0,0,0,0,0,2,1,0,3,1,0,1,0,0,0,1,0,0,0,1,0,0,0,1
Willow Grouse,Lagopus lagopus,Phasianidae,Terrestrial,Aves,Terrestrial birds,596,9,365,6,1,2,6,LC,2016,0,0,0,1,1,1988,LR/lc,8,1,6,9,6,17,35,23,17,36,25,25,27,24,44,35,25,36,30,43,33,48,41,43,44,50,48,37,35,34,39,50
Rock Ptarmigan,Lagopus muta,Phasianidae,Terrestrial,Aves,Terrestrial birds,536,6.1,363,7,1,2,6,LC,2016,0,0,0,1,1,1988,LR/lc,8,1,3,1,0,1,5,3,0,9,2,6,2,6,7,2,0,2,4,5,4,3,6,9,8,4,11,7,7,5,9,11
Rough-legged Buzzard,Buteo lagopus,Accipitridae,Terrestrial,Aves,Terrestrial birds,981,18.8,730,5,1,4,6,LC,2016,1,1,0,1,9,1988,LR/lc,10,0,0,0,0,0,4,1,1,1,1,2,5,2,4,2,0,3,3,2,1,1,1,1,7,1,2,1,4,2,6,4
Golden Eagle,Aquila chrysaetos,Accipitridae,Terrestrial,Aves,Terrestrial birds,4800,48,1460,2,1,4,6,LC,2016,1,1,1,1,11,1988,LR/lc,10,4,0,2,1,8,6,5,5,4,9,10,5,11,9,13,18,16,15,11,26,21,25,26,22,8,25,17,22,36,37,31
Gyrfalcon,Falco rusticolus,Falconidae,Terrestrial,Aves,Terrestrial birds,1407,13.5,730,3.72,1,4,6,LC,2017,1,1,0,1,9,1988,NT,10,0,2,0,1,1,2,0,1,3,1,2,1,2,0,1,2,3,1,3,1,1,1,3,5,4,2,3,1,1,3,4
Peregrine Falcon,Falco peregrinus,Falconidae,Terrestrial,Aves,Terrestrial birds,840,25,365,3,1,4,6,LC,2016,1,1,0,0,16,2014,LC,3,2,4,7,14,7,6,9,4,16,13,19,14,12,20,8,17,19,17,13,18,14,20,11,10,16,17,21,18,21,20,16
Sandhill Crane,Antigone canadensis,Gruidae,Terrestrial,Aves,Terrestrial birds,3890,36.6,1095,2,1,2.5,6,LC,2016,NA,NA,NA,NA,NA,1988,LR/lc,8,2,7,5,7,3,6,1,6,11,4,3,3,6,3,4,4,3,3,5,7,8,2,4,7,7,3,9,7,11,10,11
Siberian Crane,Leucogeranus leucogeranus,Gruidae,Terrestrial,Aves,Terrestrial birds,5931,36.2,2181,2,1,2,6,CR,2016,1,1,0,1,17,1994,EN,15,0,0,0,0,0,0,0,1,0,1,0,1,1,0,0,2,0,1,0,0,0,1,2,3,0,0,2,0,2,3,2
Snowy Owl,Bubo scandiacus,Strigidae,Terrestrial,Aves,Terrestrial birds,2043,28,730,6,1,4,6,LC,2016,1,1,0,1,8,1988,LR/lc,9,0,2,1,0,0,0,1,0,0,1,2,1,1,0,1,2,4,1,1,1,2,2,5,1,4,4,1,4,2,6,2
Short-eared Owl,Asio flammeus,Strigidae,Terrestrial,Aves,Terrestrial birds,406,21.8,365,6,1.5,4,6,LC,2016,1,1,1,0,20,1988,LR/lc,9,1,0,0,0,3,1,3,4,1,1,2,4,5,6,5,3,3,1,5,0,0,4,5,3,5,3,3,1,2,4,7
Northern Raven,Corvus corax,Corvidae,Terrestrial,Aves,Terrestrial birds,1041,69,1095,5,1,4,6,LC,2017,NA,NA,NA,NA,NA,1988,LR/lc,10,0,2,0,0,4,9,4,4,9,6,4,6,11,6,11,8,12,16,12,13,17,20,24,15,22,20,18,19,15,23,15
Hooded Crow,Corvus cornix,Corvidae,Terrestrial,Aves,Terrestrial birds,545,16.8,911,4.5,1,NA,5,NA,NA,NA,NA,NA,NA,NA,NA,NA,NA,1,3,0,1,4,10,1,5,3,3,2,3,3,5,6,7,3,4,4,6,2,5,10,13,3,8,6,5,7,7,7
Horned Lark,Eremophila alpestris,Alaudidae,Terrestrial,Aves,Terrestrial birds,34,8,365,43,1.5,2.5,6,LC,2017,NA,NA,NA,NA,NA,1988,LR/lc,9,0,0,0,1,2,6,2,0,3,2,2,2,2,3,2,3,3,6,6,2,4,3,5,1,5,7,6,9,4,6,4
Grey-cheeked Thrush,Catharus minimus,Turdidae,Terrestrial,Aves,Terrestrial birds,25,7.3,365,4,1,3,6,LC,2016,NA,NA,NA,NA,NA,2000,LR/lc,8,0,0,0,0,0,0,2,2,0,0,2,3,1,0,1,0,0,0,1,0,0,3,2,0,1,0,2,1,1,2,3
Redwing,Turdus iliacus,Turdidae,Terrestrial,Aves,Terrestrial birds,61,18.8,365,5.19,2,2.5,6,NT,2017,1,1,0,1,6,1988,LR/lc,10,1,0,1,1,1,3,1,3,0,6,4,7,4,2,4,1,0,1,1,2,2,4,2,2,2,0,5,2,2,2,1
Bluethroat,Cyanecula svecica,Muscicapidae,Terrestrial,Aves,Terrestrial birds,17,11.4,365,6,1,3,6,LC,2016,NA,NA,NA,NA,NA,1988,LR/lc,8,0,0,0,0,1,2,1,1,0,1,3,2,5,5,2,3,3,5,5,2,2,8,1,5,5,3,8,2,5,6,3
Northern Wheatear,Oenanthe oenanthe,Muscicapidae,Terrestrial,Aves,Terrestrial birds,25,10.1,365,5.5,2,3,6,LC,2017,1,1,0,1,7,2016,LC,2,3,1,5,2,5,7,2,7,8,5,2,4,9,2,6,5,5,3,7,8,5,8,11,15,15,11,14,18,18,20,17
Siberian Accentor,Prunella montanella,Prunellidae,Terrestrial,Aves,Terrestrial birds,17,NA,NA,5,2,3,4,LC,2016,0,0,0,1,1,1988,LR/lc,9,0,0,0,0,0,0,0,0,0,0,0,0,0,0,0,0,0,0,0,0,0,0,1,0,0,0,0,0,0,0,0
White Wagtail,Motacilla alba,Motacillidae,Terrestrial,Aves,Terrestrial birds,24,13.7,365,5,1,3,6,LC,2016,NA,NA,NA,NA,NA,2006,LC,11,0,0,1,0,0,3,2,4,1,3,3,1,0,2,4,3,3,5,3,6,3,3,1,3,0,1,1,0,3,4,0
Eastern Yellow Wagtail,Motacilla tschutschensis,Motacillidae,Terrestrial,Aves,Terrestrial birds,18,8.8,365,5,1,NA,5,LC,2017,NA,NA,NA,NA,NA,2016,LC,2,0,0,0,0,0,0,0,0,0,1,0,0,0,1,1,0,1,0,1,1,1,2,1,1,0,0,1,0,0,2,0
Citrine Wagtail,Motacilla citreola,Motacillidae,Terrestrial,Aves,Terrestrial birds,20,NA,NA,4.5,1,3,4,LC,2016,NA,NA,NA,NA,NA,1988,LR/lc,9,0,0,0,0,0,0,0,0,0,0,0,0,0,0,0,1,1,1,0,0,0,0,0,0,0,1,0,0,1,1,0
Buff-bellied Pipit,Anthus rubescens,Motacillidae,Terrestrial,Aves,Terrestrial birds,21,5.1,365,5,1,3,6,LC,2017,0,0,0,1,1,1988,LR/lc,10,0,1,0,0,2,1,0,1,2,0,0,0,0,0,0,0,1,1,1,0,0,0,0,0,0,0,0,1,2,1,0
Meadow Pipit,Anthus pratensis,Motacillidae,Terrestrial,Aves,Terrestrial birds,18,8.8,365,4.775,2,3,6,NT,2017,1,0,0,1,5,1988,LR/lc,10,1,1,1,0,2,3,2,2,3,3,4,10,5,6,6,5,7,6,4,10,3,13,3,4,5,1,4,6,3,4,3
Red-throated Pipit,Anthus cervinus,Motacillidae,Terrestrial,Aves,Terrestrial birds,21,4.5,NA,5.36,NA,3,4,LC,2017,0,0,0,1,1,1988,LR/lc,9,0,0,0,0,0,0,0,0,0,1,0,0,0,0,0,0,0,0,0,0,0,0,0,1,1,0,0,0,1,1,1
Rock Pipit,Anthus petrosus,Motacillidae,Terrestrial,Aves,Terrestrial birds,22,10.9,365,4.6,1.5,3,6,LC,2016,NA,NA,NA,NA,NA,1988,LR/lc,8,0,1,0,0,0,2,0,0,1,1,3,0,0,0,0,1,1,3,0,0,1,1,0,0,1,1,1,0,0,1,1
Common Redpoll,Acanthis flammea,Fringillidae,Terrestrial,Aves,Terrestrial birds,14,12.2,365,5,2,2,6,LC,2016,0,0,0,1,1,2012,LC,3,0,0,0,0,0,1,1,2,2,0,0,1,1,0,2,0,1,1,3,0,1,0,0,1,1,1,0,3,0,1,0
Arctic Redpoll,Acanthis hornemanni,Fringillidae,Terrestrial,Aves,Terrestrial birds,14,6.8,365,4.5,1,2,6,NA,NA,NA,NA,NA,NA,NA,NA,NA,NA,0,0,0,0,0,0,0,0,0,0,1,0,0,0,0,0,0,0,0,0,0,0,0,0,0,2,0,0,1,1,0
Little Bunting,Emberiza pusilla,Emberizidae,Terrestrial,Aves,Terrestrial birds,15,NA,NA,5,1,2,4,LC,2017,0,0,0,1,1,1988,LR/lc,10,0,1,0,0,2,2,2,12,3,2,4,11,11,13,9,10,8,10,10,12,12,14,5,11,11,11,10,14,10,11,8
White-crowned Sparrow,Zonotrichia leucophrys,Emberizidae,Terrestrial,Aves,Terrestrial birds,26,13.3,365,4,1.5,2,6,LC,2016,NA,NA,NA,NA,NA,1988,LR/lc,8,11,6,4,11,24,24,34,29,31,27,31,22,23,23,25,34,26,46,22,34,33,25,33,38,48,32,28,25,32,25,40
Savannah Sparrow,Passerculus sandwichensis,Emberizidae,Terrestrial,Aves,Terrestrial birds,20,18,365,4,1,2.5,6,LC,2016,NA,NA,NA,NA,NA,2016,LC,1,4,1,0,5,8,14,6,6,10,10,10,9,9,11,7,11,17,4,12,11,5,10,13,13,10,8,12,11,9,11,5
American Tree Sparrow,Passerella arborea,Emberizidae,Terrestrial,Aves,Terrestrial birds,17,10.8,365,4,1,2.5,6,LC,2016,0,0,0,1,1,1988,LR/lc,8,2,0,1,0,3,2,3,1,5,2,7,3,4,1,6,1,2,3,3,2,1,0,1,2,1,0,0,0,5,0,2
Lapland Longspur,Calcarius lapponicus,Calcariidae,Terrestrial,Aves,Terrestrial birds,28,6,NA,5,1,2.5,5,LC,2017,0,0,0,1,1,1988,LR/lc,9,1,0,1,0,1,2,1,0,4,0,1,1,1,2,0,6,0,0,4,0,1,0,2,0,0,0,3,1,3,3,3
Smith's Longspur,Calcarius pictus,Calcariidae,Terrestrial,Aves,Terrestrial birds,27,5,365,4,1,2.5,6,LC,2016,0,0,0,1,1,1988,LR/lc,8,0,0,0,0,0,1,1,0,0,0,0,1,1,0,0,0,1,0,0,1,0,0,0,0,0,1,0,2,2,0,1
Snow Bunting,Plectrophenax nivalis,Calcariidae,Terrestrial,Aves,Terrestrial birds,42,9.6,365,5,1,2,6,LC,2016,0,0,0,1,1,1988,LR/lc,8,1,0,0,0,1,1,1,2,3,2,3,1,1,1,1,3,3,2,1,0,4,1,1,1,3,1,4,3,4,4,1
McKay's Bunting,Plectrophenax hyperboreus,Calcariidae,Terrestrial,Aves,Terrestrial birds,42,4.8,364,4,1,2,6,LC,2016,0,0,1,1,11,1988,LR/lc,8,0,0,0,0,0,0,0,0,0,0,0,0,0,0,0,1,0,0,1,0,1,1,0,0,0,0,1,0,0,0,0
Siberian newt,Salamandrella keyserlingii,Hynobiidae,Terrestrial,Amphibia,Amphibians,7,10,1095,70,1,NA,5,LC,2008,NA,NA,NA,NA,NA,2004,LC,2,0,0,0,0,0,1,0,1,1,0,0,0,0,0,0,0,1,0,0,0,0,0,1,0,0,1,2,3,1,1,3
Siberian wood frog,Rana amurensis,Ranidae,Terrestrial,Amphibia,Amphibians,NA,11,821,2225,1,NA,4,LC,2008,1,1,0,1,16,2004,LC,2,0,0,0,0,0,0,0,0,0,0,0,0,1,0,0,1,0,0,0,1,1,0,0,0,3,0,1,0,2,1,1
Moor frog,Rana arvalis,Ranidae,Terrestrial,Amphibia,Amphibians,11,11,1095,2300,1,NA,5,LC,2009,1,1,0,0,12,2004,LC,2,0,1,2,0,0,2,1,2,1,2,1,5,2,5,6,4,6,4,3,5,10,10,10,6,4,9,6,10,9,6,6
Polar Bear,Ursus maritimus,Ursidae,Marine,Mammalia,Marine mammals,475000,43.8,1734,2,0.4,5.1,6,VU,2015,1,1,1,1,22,1965,NA,10,3,2,1,5,14,10,7,8,17,21,15,11,8,16,17,13,13,31,19,23,25,38,33,29,26,36,45,48,47,42,49
Northern Fur Seal,Callorhinus ursinus,Otariidae,Marine,Mammalia,Marine mammals,165500,35,1095,1.3,0.9,4.2,6,VU,2015,1,1,0,1,9,1996,VU,3,5,0,7,6,7,11,8,12,11,3,9,8,7,11,17,16,15,18,24,17,32,28,23,25,21,32,28,32,18,21,28
Steller's Sea Lion,Eumetopias jubatus,Otariidae,Marine,Mammalia,Marine mammals,415000,32.8,1780,1,1,4.2,6,NT,2016,1,1,1,1,8,1994,V,5,1,2,0,0,1,2,3,3,1,6,7,6,5,10,9,11,11,16,20,29,33,31,34,26,24,24,28,24,32,13,14
Walrus,Odobenus rosmarus,Odobenidae,Marine,Mammalia,Marine mammals,1010000,40,1745,1,0.5,3.4,6,VU,2016,1,1,0,1,12,1996,LR/lc,3,1,1,3,0,4,5,4,4,2,3,11,7,5,4,8,3,9,5,8,6,16,13,8,13,8,6,10,11,14,15,12
Hooded seal,Cystophora cristata,Phocidae,Marine,Mammalia,Marine mammals,405000,35,1095,1,1,4.2,6,VU,2016,1,1,1,1,9,1996,LR/lc,3,3,3,1,1,3,9,6,3,8,6,9,4,5,5,8,10,3,4,5,4,7,5,7,6,6,3,7,7,2,5,6
Bearded seal,Erignathus barbatus,Phocidae,Marine,Mammalia,Marine mammals,373000,31.5,1712,1,1,3.4,6,LC,2016,1,1,0,1,9,1996,LR/lc,3,0,0,1,1,2,1,2,1,4,4,2,2,3,4,4,4,7,4,5,8,10,8,4,5,6,4,6,6,4,10,6
Gray seal,Halichoerus grypus,Phocidae,Marine,Mammalia,Marine mammals,268000,42.9,1460,1,0.9,4,6,LC,2016,1,1,0,1,11,1996,LR/lc,3,5,3,1,8,11,12,15,14,19,22,26,22,26,28,42,42,42,29,35,34,34,33,28,29,38,45,34,38,47,28,34
Spotted seal,Phoca largha,Phocidae,Marine,Mammalia,Marine mammals,85000,NA,1279,1,NA,4,4,LC,2016,1,1,1,1,11,1996,LR/lc,3,0,0,0,0,3,1,1,0,2,1,0,2,1,4,4,2,4,5,2,1,3,3,4,6,4,3,2,5,5,9,4
Harbor seal,Phoca vitulina,Phocidae,Marine,Mammalia,Marine mammals,115000,47.6,1095,1,1,4,6,LC,2016,1,1,1,1,19,1996,LR/lc,3,8,7,11,15,25,19,28,21,22,29,40,47,38,35,45,60,56,39,55,55,59,72,45,61,51,57,57,58,67,67,62
Harp seal,Pagophilus groenlandicus,Phocidae,Marine,Mammalia,Marine mammals,180000,NA,1637,1.25,NA,3.8,4,LC,2015,1,1,1,1,13,1996,LR/lc,3,5,1,3,2,11,17,17,13,12,12,15,15,10,14,14,20,8,11,12,12,6,10,11,9,10,8,9,13,8,12,7
Ribbon seal,Histriophoca fasciata,Phocidae,Marine,Mammalia,Marine mammals,90000,NA,1050,1,1,3.8,5,LC,2016,0,1,0,1,5,1965,NA,4,0,1,0,0,0,0,0,0,0,0,0,0,0,1,0,1,2,0,0,0,2,2,1,0,1,1,1,3,1,3,1
Ringed seal,Pusa hispida,Phocidae,Marine,Mammalia,Marine mammals,90000,46,1826,1,1,3.8,6,LC,2016,1,1,1,1,14,1996,LR/lc,3,1,1,4,7,8,9,9,2,10,10,12,14,10,9,15,16,12,13,13,8,14,22,14,12,17,15,16,22,15,20,18
Bowhead whale,Balaena mysticetus,Balaenidae,Marine,Mammalia,Marine mammals,100000000,211,8212,1,0.3,3.2,6,LC,2012,1,1,0,1,8,1965,NA,8,2,1,3,1,1,5,1,2,2,4,4,3,5,8,7,3,5,10,6,7,10,12,7,10,12,19,12,13,20,24,15
Pacific Northern right whale,Eubalaena japonica,Balaenidae,Marine,Mammalia,Marine mammals,23000000,67,3500,1,0.29,NA,5,EN,2008,1,1,0,0,5,1996,EN,2,0,0,0,0,2,0,1,1,4,0,0,1,0,0,0,1,0,1,2,3,1,1,0,2,1,5,3,4,6,3,2
Atlantic Northern right whale,Eubalaena glacialis,Balaenidae,Marine,Mammalia,Marine mammals,23000000,67,2920,1,0.29,3.2,6,EN,2012,1,1,0,0,5,2008,EN,2,1,1,0,3,1,1,2,2,3,2,3,3,3,3,5,3,8,6,6,10,7,5,11,13,10,14,16,17,20,21,18
Blue whale,Balaenoptera musculus,Balaenopteridae,Marine,Mammalia,Marine mammals,136000000,110,1827,1,0.4,3.2,6,EN,2008,0,1,0,1,3,1965,NA,7,0,0,0,1,1,3,1,1,1,1,5,8,6,6,4,4,5,8,3,9,9,4,8,13,12,11,12,18,23,19,18
Fin whale,Balaenoptera physalus,Balaenopteridae,Marine,Mammalia,Marine mammals,70000000,114,2701,1,0.4,3.4,6,EN,2013,1,1,0,0,6,1965,NA,8,4,4,1,6,4,9,13,7,12,9,9,11,12,14,17,18,11,16,13,21,23,21,23,27,35,31,39,51,62,51,42
Sei whale,Balaenoptera borealis,Balaenopteridae,Marine,Mammalia,Marine mammals,20000000,74,3652,1,0.5,3.4,6,EN,2008,0,1,0,0,4,1994,V,3,1,0,0,1,2,1,1,0,3,1,1,2,0,3,1,2,2,0,1,2,1,0,1,8,4,3,1,2,2,6,5
Minke whale,Balaenoptera acutorostrata,Balaenopteridae,Marine,Mammalia,Marine mammals,7500000,50,2740,1,1,3.4,6,LC,2008,0,1,0,1,6,1996,LR/nt,3,0,1,1,4,4,7,5,5,6,8,8,9,5,11,6,17,7,10,12,14,16,8,16,24,17,19,18,28,18,26,15
Humpback whale,Megaptera novaeangliae,Balaenopteridae,Marine,Mammalia,Marine mammals,30000000,95,1643,1,0.5,3.6,6,LC,2008,1,1,0,0,9,1965,NA,7,8,9,5,1,5,7,7,12,21,16,19,16,20,21,20,14,16,19,21,26,29,33,37,48,61,41,46,63,68,75,63
Gray whale,Eschrichtius robustus,Eschrichtiidae,Marine,Mammalia,Marine mammals,28500000,77,2922,1,0.5,3.3,6,LC,2008,1,1,0,0,6,1996,LR/cd,2,0,4,2,4,2,5,5,3,4,6,4,6,9,8,10,10,5,7,7,5,7,13,8,11,14,11,12,13,19,14,18
Killer whale,Orcinus orca,Delphinidae,Marine,Mammalia,Marine mammals,3990000,90,3780,1,0.2,4.5,6,DD,2013,1,1,1,1,13,1996,LR/cd,4,3,3,4,3,9,4,8,4,9,16,12,21,17,21,13,22,11,20,19,27,37,48,47,47,49,48,55,79,62,69,57
White-beaked dolphin,Lagenorhynchus albirostris,Delphinidae,Marine,Mammalia,Marine mammals,183317,13,5844,1,NA,4.2,5,LC,2012,0,1,0,0,2,1996,LR/lc,4,1,0,0,1,0,2,0,1,1,1,1,1,4,1,2,1,3,0,2,1,2,3,3,3,2,1,5,4,3,6,0
Long-finned pilot whale,Globicephala melas,Delphinidae,Marine,Mammalia,Marine mammals,1060000,60,2470,1,0.2,4.4,6,DD,2008,1,1,1,1,7,1996,LR/lc,3,0,1,0,2,2,1,5,6,5,2,4,5,4,7,3,6,5,7,4,2,6,8,5,5,4,10,11,11,15,8,10
Atlantic white-sided dolphin,Lagenorhynchus acutus,Delphinidae,Marine,Mammalia,Marine mammals,208000,27,2231,1.25,0.4,4.1,6,LC,2008,0,1,0,0,3,1996,LR/lc,3,0,2,0,1,0,1,1,1,2,1,2,2,3,1,3,2,3,1,1,1,3,0,1,4,1,4,1,1,1,4,1
Beluga,Delphinapterus leucas,Monodontidae,Marine,Mammalia,Marine mammals,1430000,40,1644,1,0.3,4,6,NT,2012,1,1,1,1,13,1996,VU,6,3,4,6,4,8,8,9,4,8,5,14,11,17,14,12,8,12,16,11,21,15,18,25,22,23,30,31,21,36,38,46
Narwhal,Monodon monoceros,Monodontidae,Marine,Mammalia,Marine mammals,1250000,50,2191,1,0.3,4.2,6,NT,2012,1,1,0,1,5,2008,NT,6,0,2,1,1,3,2,8,1,5,1,1,6,1,2,1,3,3,7,4,4,6,5,3,3,6,8,6,5,9,5,7
Harbor porpoise,Phocoena phocoena,Phocoenidae,Marine,Mammalia,Marine mammals,52500,20.4,1055,1,1,4.1,6,LC,2008,1,1,1,0,15,1996,VU,5,2,5,3,8,11,9,8,10,11,16,20,30,28,19,15,26,18,33,23,37,38,34,30,50,40,48,58,57,77,62,48
Dall's porpoise,Phocoenoides dalli,Phocoenidae,Marine,Mammalia,Marine mammals,120000,22,1826,1,0.7,4.1,6,LC,2012,1,1,0,0,9,1996,LR/cd,4,1,2,0,2,1,3,1,0,3,3,0,5,1,5,2,5,3,7,3,3,4,5,2,2,1,0,1,6,2,3,3
Sperm whale,Physeter macrocephalus,Physeteridae,Marine,Mammalia,Marine mammals,28500000,77,2922,1,0.2,4.4,6,VU,2008,1,1,0,0,13,1996,VU,3,1,3,3,5,7,10,13,4,6,17,12,21,11,13,25,22,17,26,18,21,34,25,28,32,23,21,29,48,45,47,31
Baird's beaked whale,Berardius bairdii,Ziphiidae,Marine,Mammalia,Marine mammals,11400000,84,4383,1,0.3,4.2,6,DD,2008,1,1,0,1,6,1996,LR/cd,3,0,0,0,0,0,1,1,0,1,0,1,1,0,0,1,1,2,0,0,0,1,2,0,0,0,1,2,0,1,0,1
Stejneger's beaked whale,Mesoplodon stejnegeri,Ziphiidae,Marine,Mammalia,Marine mammals,1930000,NA,NA,1,NA,4.4,3,DD,2008,1,1,0,1,8,NA,NA,3,0,0,0,1,0,0,0,0,0,0,1,0,2,0,1,0,0,0,0,1,0,0,0,0,1,0,1,0,0,1,0
Cuvier's beaked whale,Ziphius cavirostris,Ziphiidae,Marine,Mammalia,Marine mammals,2700000,62,NA,1,NA,4.3,4,LC,2008,1,1,1,1,7,2008,LC,3,0,0,0,0,1,0,0,1,0,2,1,1,0,1,2,2,1,3,1,6,8,5,5,7,7,4,3,7,6,16,5
Northern bottlenose whale,Hyperoodon ampullatus,Ziphiidae,Marine,Mammalia,Marine mammals,6500000,37,3652,1,1,4.2,6,DD,2008,1,1,0,1,7,1986,V,6,0,0,0,0,1,1,2,1,1,1,3,2,3,3,9,4,4,3,3,1,4,2,1,2,6,4,2,4,4,9,4
Sea otter,Enhydra lutris,Mustelidae,Marine,Mammalia,Marine mammals,25850,27,974,1,0.8,3.4,6,EN,2015,1,1,1,1,17,1996,LR/lc,5,2,6,4,9,14,12,10,10,12,15,14,17,8,25,23,21,27,32,25,29,31,41,35,34,49,30,30,42,54,51,46
Pacific lamprey,Entosphenus tridentatus,Petromyzontidae,Freshwater,Cephalaspidomorphi,Freshwater fishes,275,9,2007,7.00E+04,NA,4.5,5,NA,NA,NA,NA,NA,NA,NA,NA,NA,NA,0,1,0,0,0,1,2,1,1,6,2,1,0,1,1,4,6,3,10,2,4,7,8,8,12,14,13,14,18,16,20
Arctic lamprey,Lethenteron camtschaticum,Petromyzontidae,Freshwater,Cephalaspidomorphi,Freshwater fishes,88,7,1642,29780,NA,4.5,5,LC,2013,1,1,0,0,4,2008,LC,2,0,0,0,0,1,0,0,1,1,0,0,1,1,0,1,0,2,1,0,0,0,1,1,1,1,2,4,1,4,1,1
Far eastern brook lamprey,Lethenteron reissneri,Petromyzontidae,Freshwater,Cephalaspidomorphi,Freshwater fishes,381,4,NA,2447,NA,NA,3,LC,2008,NA,NA,NA,NA,NA,2008,LC,1,0,0,0,0,0,0,0,0,0,1,1,2,0,1,1,3,1,0,0,1,2,0,1,1,1,1,4,2,2,1,0
Siberian brook lamprey,Lethenteron kessleri,Petromyzontidae,Freshwater,Cephalaspidomorphi,Freshwater fishes,177,7,2190,2973,NA,2.2,5,NA,NA,NA,NA,NA,NA,NA,NA,NA,NA,0,0,0,0,0,0,0,0,0,0,0,1,0,0,1,1,0,0,1,1,0,0,0,0,0,0,0,0,1,0,1
Sea lamprey,Petromyzon marinus,Petromyzontidae,Freshwater,Cephalaspidomorphi,Freshwater fishes,1375,11,3193,6.50E+04,NA,4.4,5,LC,2013,0,0,0,0,0,1996,LR/lc,3,4,5,2,8,14,9,18,26,29,22,13,17,15,19,21,20,75,35,20,27,39,58,33,29,42,34,38,42,33,46,40
Siberian sturgeon,Acipenser baerii,Acipenseridae,Freshwater,Actinopterygii,Freshwater fishes,210000,63,3285,NA,NA,3.2,4,EN,2010,1,1,1,0,9,1996,VU,2,0,0,1,0,2,0,1,0,0,3,8,4,10,7,1,16,3,5,10,17,8,14,9,6,28,14,19,20,20,15,17
Sterlet,Acipenser ruthenus,Acipenseridae,Freshwater,Actinopterygii,Freshwater fishes,8800,46.1,2129,NA,NA,3.6,4,VU,2010,1,1,1,0,8,1996,VU,2,1,0,1,1,0,0,1,1,1,3,6,0,9,1,1,11,0,5,8,14,3,10,8,4,10,10,10,8,10,7,14
Atlantic sturgeon,Acipenser sturio,Acipenseridae,Marine,Actinopterygii,Marine fishes,220000,100,4608,NA,NA,3.5,4,CR,2010,1,1,0,0,10,1988,E,4,0,1,0,1,5,2,4,0,2,5,16,12,21,17,8,29,6,13,12,16,18,20,23,16,38,28,32,39,30,26,17
European eel,Anguilla anguilla,Anguillidae,Freshwater,Actinopterygii,Freshwater fishes,3629,88,4562,NA,NA,3.6,4,CR,2014,1,1,1,1,50,2008,CR,4,33,26,25,47,42,68,53,62,64,75,82,106,92,107,93,121,135,121,113,121,131,129,133,106,126,143,127,144,117,153,119
American eel,Anguilla rostrata,Anguillidae,Freshwater,Actinopterygii,Freshwater fishes,4032,50,NA,NA,NA,3.6,3,EN,2014,1,1,1,1,13,2014,EN,1,9,6,3,4,8,12,11,11,16,14,22,24,16,23,27,22,25,21,27,30,31,28,31,22,21,25,28,29,22,39,19
American shad,Alosa sapidissima,Clupeidae,Marine,Actinopterygii,Marine fishes,3025,13,NA,NA,NA,3.6,3,LC,2013,1,1,0,0,12,2013,LC,1,0,1,1,2,9,6,11,1,6,14,7,7,7,10,12,12,10,15,20,11,18,20,10,18,19,30,15,30,30,18,14
Pond smelt,Hypomesus olidus,Osmeridae,Freshwater,Actinopterygii,Freshwater fishes,50,10,NA,NA,NA,2.9,3,LC,2013,NA,NA,NA,NA,NA,2008,LC,2,0,0,0,0,0,1,0,1,0,0,1,2,2,3,2,1,0,2,2,1,2,0,2,0,1,2,2,2,0,0,0
European smelt,Osmerus eperlanus,Osmeridae,Freshwater,Actinopterygii,Freshwater fishes,178,10,730,4.20E+04,NA,3.5,5,LC,2011,1,0,0,0,6,2008,LC,2,3,2,0,1,6,7,3,5,5,1,7,6,6,6,6,10,10,5,7,8,8,4,6,7,4,5,4,4,5,12,3
Rainbow smelt,Osmerus mordax,Osmeridae,Marine,Actinopterygii,Marine fishes,486,7,NA,NA,NA,3.4,3,LC,2013,NA,NA,NA,NA,NA,2013,LC,1,3,2,3,4,10,11,14,13,26,23,18,33,17,19,24,12,12,21,20,33,20,16,26,18,19,25,15,18,16,14,17
Common bream,Abramis brama,Cyprinidae,Freshwater,Actinopterygii,Freshwater fishes,3306,23,NA,NA,NA,3.2,3,LC,2008,NA,NA,NA,NA,NA,2008,LC,1,3,1,2,8,5,15,11,17,13,16,27,30,24,16,13,18,29,21,21,21,27,25,28,29,32,25,33,24,30,32,23
Crucian carp,Carassius carassius,Cyprinidae,Freshwater,Actinopterygii,Freshwater fishes,200,10,NA,1.90E+04,NA,3.1,4,LC,2008,0,0,1,0,2,1996,LR/lc,2,18,14,15,14,53,54,49,42,48,43,61,51,50,63,56,64,65,86,68,78,87,96,98,121,117,126,140,139,119,147,136
Prussian carp,Carassius gibelio,Cyprinidae,Freshwater,Actinopterygii,Freshwater fishes,200,10,NA,NA,NA,2.5,3,NA,NA,NA,NA,NA,NA,NA,NA,NA,NA,1,0,1,2,0,2,1,0,0,1,1,2,3,4,8,7,3,13,6,13,12,19,14,28,24,31,30,40,26,41,33
Lake chub,Couesius plumbeus,Cyprinidae,Freshwater,Actinopterygii,Freshwater fishes,97,5,NA,NA,NA,3.4,3,LC,2013,NA,NA,NA,NA,NA,2013,LC,1,1,0,0,1,4,2,2,4,6,8,7,3,3,9,4,8,2,3,5,4,7,8,11,8,14,9,7,6,9,12,8
Ide,Leuciscus idus,Cyprinidae,Freshwater,Actinopterygii,Freshwater fishes,2200,18,NA,NA,NA,3.8,3,LC,2008,NA,NA,NA,NA,NA,1996,LR/lc,2,0,0,0,1,1,1,0,2,1,2,5,5,4,3,1,2,10,3,0,2,3,4,6,6,2,4,7,6,5,4,5
Common dace,Leuciscus leuciscus,Cyprinidae,Freshwater,Actinopterygii,Freshwater fishes,550,16,NA,NA,NA,2.9,3,LC,2011,NA,NA,NA,NA,NA,1996,LR/lc,2,1,3,1,4,5,10,7,9,13,12,21,22,20,19,22,14,35,25,17,17,27,34,23,33,20,23,17,26,13,18,16
Spottail shiner,Notropis hudsonius,Cyprinidae,Freshwater,Actinopterygii,Freshwater fishes,66,5,NA,NA,NA,2.7,3,LC,2013,NA,NA,NA,NA,NA,2013,LC,1,0,0,1,0,3,5,5,0,0,1,2,2,1,1,4,0,1,3,1,5,2,2,2,7,2,4,1,1,3,3,3
Finescale dace,Chrosomus neogaeus,Cyprinidae,Freshwater,Actinopterygii,Freshwater fishes,23,6,NA,NA,NA,3,3,LC,2013,NA,NA,NA,NA,NA,2010,LC,2,0,0,1,1,0,0,0,0,0,0,0,0,0,4,1,2,1,1,1,1,0,0,1,0,2,2,1,1,0,2,0
Eurasian minnow,Phoxinus phoxinus,Cyprinidae,Freshwater,Actinopterygii,Freshwater fishes,35,11,NA,NA,NA,3.3,3,LC,2008,0,0,1,0,2,1996,LR/lc,2,5,11,6,4,9,10,13,9,5,16,23,15,10,18,16,14,13,7,20,15,11,17,12,30,13,16,13,20,11,12,7
Flathead chub,Platygobio gracilis,Cyprinidae,Freshwater,Actinopterygii,Freshwater fishes,213,NA,NA,NA,NA,3.5,2,LC,2013,NA,NA,NA,NA,NA,2013,LC,1,0,0,0,0,0,0,0,1,0,0,0,0,0,0,0,2,0,2,0,2,1,0,0,0,1,1,1,1,0,3,2
Czekanowski's minnow,Rhynchocypris czekanowskii,Cyprinidae,Freshwater,Actinopterygii,Freshwater fishes,66,NA,NA,NA,NA,3.3,2,LC,2008,NA,NA,NA,NA,NA,2008,LC,2,0,0,0,0,0,0,0,0,0,0,0,0,0,0,0,1,0,0,0,1,0,0,0,0,0,0,0,0,0,0,0
Lake minnow,Rhynchocypris percnurus,Cyprinidae,Freshwater,Actinopterygii,Freshwater fishes,66,NA,NA,NA,NA,3.2,2,LC,2008,NA,NA,NA,NA,NA,2008,LC,2,1,0,0,3,6,9,8,6,4,4,14,10,10,8,19,10,15,12,18,23,15,15,19,25,19,22,19,25,17,30,14
Roach,Rutilus rutilus,Cyprinidae,Freshwater,Actinopterygii,Freshwater fishes,1012,14,NA,NA,NA,2.9,3,LC,2008,NA,NA,NA,NA,NA,1996,LR/lc,2,14,10,14,22,28,69,44,53,49,61,61,60,57,53,53,65,64,68,58,83,75,79,64,92,74,79,61,70,70,77,55
Longnose sucker,Catostomus catostomus,Catostomidae,Freshwater,Actinopterygii,Freshwater fishes,1800,20,NA,NA,NA,3.1,3,LC,2014,NA,NA,NA,NA,NA,2014,LC,1,9,4,8,6,20,22,8,15,26,28,27,23,14,19,20,14,19,17,17,15,15,23,17,16,14,23,14,29,19,15,11
White sucker,Catostomus commersonii,Catostomidae,Freshwater,Actinopterygii,Freshwater fishes,1617,12,NA,NA,NA,2.5,3,LC,2013,NA,NA,NA,NA,NA,2013,LC,1,5,2,7,4,11,12,5,15,14,17,18,16,16,12,14,3,13,14,11,15,10,17,15,18,10,14,14,18,11,13,7
Stone loach,Barbatula barbatula,Balitoridae,Freshwater,Actinopterygii,Freshwater fishes,200,7,NA,NA,NA,3.5,3,LC,2011,NA,NA,NA,NA,NA,1996,LR/lc,2,0,1,1,0,1,2,1,2,3,6,5,2,4,5,6,4,10,8,12,4,3,15,5,5,7,8,13,7,7,6,8
NA,Barbatula toni,Balitoridae,Freshwater,Actinopterygii,Freshwater fishes,283,NA,NA,NA,NA,2.7,2,NA,NA,NA,NA,NA,NA,NA,NA,NA,NA,0,0,0,0,0,0,0,0,0,0,0,0,0,0,0,0,0,0,0,0,0,0,0,0,1,1,0,0,0,0,2
Northern pike,Esox lucius,Esocidae,Freshwater,Actinopterygii,Freshwater fishes,15620,30,NA,3.00E+04,NA,4.4,4,LC,2013,NA,NA,NA,NA,NA,2008,LC,2,7,6,7,10,22,21,30,28,28,36,46,46,34,41,37,38,55,42,42,56,54,65,29,42,46,44,56,59,56,55,42
Alaska blackfish,Dallia pectoralis,Umbridae,Freshwater,Actinopterygii,Freshwater fishes,201,8,NA,170,1,3.3,5,LC,2013,NA,NA,NA,NA,NA,2013,LC,1,0,0,0,0,0,0,0,0,0,1,0,0,0,0,1,0,0,0,0,1,0,0,0,0,0,0,0,4,2,1,1
Lenok,Brachymystax lenok,Salmonidae,Freshwater,Actinopterygii,Freshwater fishes,8000,NA,NA,NA,NA,3.8,2,NA,NA,NA,NA,NA,NA,NA,NA,NA,NA,0,0,0,0,0,0,0,0,1,0,0,0,1,1,1,0,1,1,2,1,0,2,3,0,0,1,1,1,4,3,5
Vendace,Coregonus albula,Salmonidae,Freshwater,Actinopterygii,Freshwater fishes,1000,10,730,NA,NA,3.1,4,LC,2011,NA,NA,NA,NA,NA,2008,LC,3,3,1,1,2,11,6,2,6,7,8,8,11,9,9,7,7,3,26,7,12,10,11,13,7,9,11,6,4,10,16,6
Cisco,Coregonus artedi,Salmonidae,Freshwater,Actinopterygii,Freshwater fishes,3000,11,NA,NA,NA,3.4,3,LC,1996,NA,NA,NA,NA,NA,1996,LR/lc,4,4,2,5,6,6,7,5,2,3,6,7,10,3,4,5,2,7,18,8,7,10,15,12,8,15,18,14,12,9,17,9
Arctic cisco,Coregonus autumnalis,Salmonidae,Freshwater,Actinopterygii,Freshwater fishes,4365,12,2555,NA,NA,3.3,4,LC,2008,0,1,0,0,3,1996,LR/lc,2,0,0,0,1,3,4,2,2,2,3,3,4,1,1,2,0,0,5,2,1,0,2,3,1,2,0,3,2,0,4,2
Lake whitefish,Coregonus clupeaformis,Salmonidae,Freshwater,Actinopterygii,Freshwater fishes,10450,50,NA,NA,NA,3.4,3,NA,NA,NA,NA,NA,NA,NA,NA,NA,NA,3,5,1,7,20,20,13,13,14,15,16,20,19,20,14,19,21,47,10,25,23,31,39,46,42,35,37,35,54,55,36
Bering cisco,Coregonus laurettae,Salmonidae,Freshwater,Actinopterygii,Freshwater fishes,1396,NA,NA,NA,NA,3.8,2,NA,NA,NA,NA,NA,NA,NA,NA,NA,NA,0,0,0,0,1,0,0,0,0,0,0,0,0,0,0,0,0,1,0,0,1,0,0,0,0,0,0,0,2,1,1
Common whitefish,Coregonus lavaretus,Salmonidae,Freshwater,Actinopterygii,Freshwater fishes,10000,NA,NA,NA,NA,3.2,2,VU,2008,0,0,1,0,2,2008,VU,2,4,2,5,6,9,6,6,9,10,10,5,12,12,15,9,15,13,37,7,12,16,21,25,24,23,23,23,18,20,36,29
Muksun,Coregonus muksun,Salmonidae,Freshwater,Actinopterygii,Freshwater fishes,7590,23,3650,NA,NA,3.5,4,LC,2008,NA,NA,NA,NA,NA,2008,LC,1,1,1,1,0,1,1,2,0,0,1,1,0,0,1,0,0,0,0,0,0,0,1,0,0,0,0,0,1,0,2,1
Broad whitefish,Coregonus nasus,Salmonidae,Freshwater,Actinopterygii,Freshwater fishes,8800,15,2555,NA,NA,3.3,4,LC,2008,NA,NA,NA,NA,NA,2008,LC,2,1,0,1,0,2,3,2,2,2,3,5,1,0,1,0,1,1,1,1,0,2,1,1,3,1,4,0,3,5,4,4
Peled,Coregonus peled,Salmonidae,Freshwater,Actinopterygii,Freshwater fishes,5000,13,NA,NA,NA,4.1,3,LC,2008,NA,NA,NA,NA,NA,2008,LC,2,0,1,0,1,1,2,2,0,0,2,1,1,1,1,1,1,0,3,0,1,0,0,0,1,0,0,1,2,0,6,3
Humpback whitefish,Coregonus pidschian,Salmonidae,Freshwater,Actinopterygii,Freshwater fishes,1751,14,4015,NA,NA,3.3,4,LC,2008,NA,NA,NA,NA,NA,2008,LC,2,0,0,0,0,0,0,0,0,1,0,0,0,0,2,0,0,0,2,1,0,1,0,0,1,2,1,0,1,0,4,3
Least cisco,Coregonus sardinella,Salmonidae,Freshwater,Actinopterygii,Freshwater fishes,305,26,NA,NA,NA,3.3,3,LC,2008,NA,NA,NA,NA,NA,2008,LC,1,1,0,0,1,0,2,1,2,1,2,1,0,1,3,1,0,0,6,2,2,1,4,2,4,6,0,5,5,2,5,4
Tugun,Coregonus tugun,Salmonidae,Freshwater,Actinopterygii,Freshwater fishes,109,NA,NA,NA,NA,3.3,2,NA,NA,NA,NA,NA,NA,NA,NA,NA,NA,0,0,0,0,0,1,0,0,0,0,0,0,0,0,0,0,0,0,0,1,0,0,0,0,0,0,0,0,0,2,1
Taimen,Hucho taimen,Salmonidae,Freshwater,Actinopterygii,Freshwater fishes,105000,55,1825,NA,NA,4.2,4,VU,2013,1,1,0,1,19,2012,VU,2,0,0,0,0,0,0,0,1,1,0,0,3,0,3,1,1,1,1,3,1,1,1,6,5,5,4,0,2,2,6,3
Chum salmon,Oncorhynchus keta,Salmonidae,Marine,Actinopterygii,Marine fishes,8745,7,1186,3850,2,3.4,6,NA,NA,NA,NA,NA,NA,NA,NA,NA,NA,10,6,12,13,38,37,28,25,28,33,21,37,23,30,26,23,24,30,37,31,38,41,39,38,42,42,36,32,27,29,39
Coho salmon,Oncorhynchus kisutch,Salmonidae,Marine,Actinopterygii,Marine fishes,8360,5,1095,NA,NA,4.2,4,NA,NA,NA,NA,NA,NA,NA,NA,NA,NA,26,21,39,34,97,116,93,116,99,92,113,151,136,132,134,103,156,156,161,136,168,137,132,114,127,138,111,147,119,139,102
Rainbow trout,Oncorhynchus mykiss,Salmonidae,Freshwater,Actinopterygii,Freshwater fishes,12235,11,1095,3500,NA,3.5,5,NA,NA,NA,NA,NA,NA,NA,NA,NA,NA,106,108,105,132,392,390,404,418,424,464,475,583,559,611,620,636,745,833,730,825,835,822,832,885,985,916,911,986,932,1015,890
Sockeye salmon,Oncorhynchus nerka,Salmonidae,Marine,Actinopterygii,Marine fishes,4241,8,730,126.5,NA,3.2,5,LC,2011,NA,NA,NA,NA,NA,2008,LC,2,10,10,13,17,36,41,42,39,43,47,48,68,67,55,51,56,68,119,95,96,105,99,106,97,127,125,121,127,113,114,92
Chinook salmon,Oncorhynchus tshawytscha,Salmonidae,Marine,Actinopterygii,Marine fishes,33770,9,1460,NA,NA,3.8,4,NA,NA,NA,NA,NA,NA,NA,NA,NA,NA,26,22,17,30,51,51,67,79,65,78,82,107,91,94,122,88,148,161,160,168,157,181,195,175,183,207,208,229,200,213,177
Pink salmon,Oncorhynchus gorbuscha,Salmonidae,Marine,Actinopterygii,Marine fishes,6800,3,730,2.00E+03,NA,3.4,5,NA,NA,NA,NA,NA,NA,NA,NA,NA,NA,10,11,3,9,20,12,17,13,12,11,16,22,14,23,21,24,19,35,34,29,32,37,37,32,43,44,27,25,31,28,26
Pygmy whitefish,Prosopium coulterii,Salmonidae,Freshwater,Actinopterygii,Freshwater fishes,122,9,NA,NA,NA,3.1,3,NA,NA,NA,NA,NA,NA,NA,NA,NA,NA,0,0,0,0,0,0,0,0,0,0,0,0,0,0,0,0,0,0,0,1,1,0,0,1,2,3,0,2,1,1,0
Round whitefish,Prosopium cylindraceum,Salmonidae,Freshwater,Actinopterygii,Freshwater fishes,1498,16,NA,NA,NA,3.3,3,NA,NA,NA,NA,NA,NA,NA,NA,NA,NA,0,0,0,0,0,1,1,2,0,0,0,1,0,1,0,0,1,0,1,2,2,2,2,2,2,2,3,5,3,3,2
Atlantic salmon,Salmo salar,Salmonidae,Marine,Actinopterygii,Marine fishes,25740,13,1642,16500,NA,3.8,5,LC,1996,NA,NA,NA,NA,NA,1996,LR/lc,1,52,70,96,105,211,160,195,204,202,230,332,390,368,366,382,378,489,587,508,610,633,595,590,622,712,694,667,711,646,782,643
Sea trout,Salmo trutta,Salmonidae,Marine,Actinopterygii,Marine fishes,12250,38,1278,1.00E+04,NA,3.8,5,LC,2011,0,0,1,0,2,1996,LR/lc,2,22,22,47,36,146,122,129,143,167,149,171,209,195,221,235,235,268,284,248,322,306,331,279,313,354,323,326,305,329,378,298
Arctic char,Salvelinus alpinus,Salmonidae,Marine,Actinopterygii,Marine fishes,11800,40,NA,NA,NA,4.4,3,LC,2008,NA,NA,NA,NA,NA,1996,LR/lc,2,10,17,18,17,35,42,38,45,48,48,55,75,51,73,69,76,62,65,74,81,73,67,69,84,90,72,73,73,74,87,63
Chukot char,Salvelinus andriashevi,Salmonidae,Freshwater,Actinopterygii,Freshwater fishes,1384,NA,NA,NA,NA,3.7,2,NA,NA,NA,NA,NA,NA,NA,NA,NA,NA,0,0,0,0,0,0,0,0,0,0,0,0,0,0,0,0,0,0,0,0,0,0,0,0,0,0,0,0,0,0,0
Boganida char,Salvelinus boganidae,Salmonidae,Freshwater,Actinopterygii,Freshwater fishes,4248,NA,NA,NA,NA,3.8,2,LC,2009,1,1,0,0,3,2009,LC,1,0,0,0,0,0,0,0,0,0,0,0,0,0,0,0,0,0,0,0,0,0,0,0,0,0,0,0,0,0,0,0
Cherskii's char,Salvelinus czerskii,Salmonidae,Freshwater,Actinopterygii,Freshwater fishes,NA,NA,NA,NA,NA,3.8,1,NA,NA,NA,NA,NA,NA,NA,NA,NA,NA,0,0,0,0,0,0,0,0,0,0,0,0,0,0,0,0,0,0,0,0,0,0,0,0,0,0,0,0,0,0,0
Drjagin's char,Salvelinus drjagini,Salmonidae,Freshwater,Actinopterygii,Freshwater fishes,8300,NA,NA,NA,NA,3.9,2,NA,NA,NA,NA,NA,NA,NA,NA,NA,NA,0,0,0,0,0,0,0,0,0,0,0,0,0,1,0,0,0,0,0,0,0,0,0,0,0,0,0,0,0,0,0
Small-mouth char,Salvelinus elgyticus,Salmonidae,Freshwater,Actinopterygii,Freshwater fishes,114,NA,NA,NA,NA,3.7,2,NA,NA,NA,NA,NA,NA,NA,NA,NA,NA,0,0,0,0,0,0,0,0,0,0,0,1,0,0,0,0,0,0,0,0,0,0,0,0,0,0,0,0,0,0,0
Brook trout,Salvelinus fontinalis,Salmonidae,Freshwater,Actinopterygii,Freshwater fishes,4397,24,NA,NA,NA,3.7,3,NA,NA,NA,NA,NA,NA,NA,NA,NA,NA,23,25,15,30,75,63,61,61,78,80,80,74,51,83,73,89,101,94,96,96,110,116,82,101,85,90,109,86,100,91,92
Yakutian char,Salvelinus jacuticus,Salmonidae,Freshwater,Actinopterygii,Freshwater fishes,NA,NA,NA,NA,NA,3.2,1,NA,NA,NA,NA,NA,NA,NA,NA,NA,NA,0,0,0,0,0,0,0,0,0,0,0,0,0,0,0,0,0,0,0,0,0,0,0,0,0,0,0,0,0,0,0
Dolly Varden,Salvelinus malma,Salmonidae,Freshwater,Actinopterygii,Freshwater fishes,14400,NA,NA,NA,NA,3.5,2,NA,NA,NA,NA,NA,NA,NA,NA,NA,NA,0,1,0,3,7,5,2,9,7,2,8,5,6,7,6,7,4,8,6,5,4,6,9,10,4,4,7,9,14,12,11
Lake trout,Salvelinus namaycush,Salmonidae,Freshwater,Actinopterygii,Freshwater fishes,17985,50,NA,NA,NA,3.8,3,NA,NA,NA,NA,NA,NA,NA,NA,NA,NA,25,18,24,28,71,75,83,75,121,121,96,105,98,121,109,119,137,138,160,146,137,167,155,164,143,176,172,143,167,180,146
Taymyr Lake char,Salvelinus taimyricus,Salmonidae,Freshwater,Actinopterygii,Freshwater fishes,NA,NA,NA,NA,NA,3.8,1,NA,NA,NA,NA,NA,NA,NA,NA,NA,NA,0,0,0,0,0,0,0,0,0,0,0,0,0,0,0,0,0,0,0,0,0,0,0,0,0,0,0,0,0,0,0
Taranetz char,Salvelinus taranetzi,Salmonidae,Freshwater,Actinopterygii,Freshwater fishes,NA,NA,NA,NA,NA,3.8,1,NA,NA,NA,NA,NA,NA,NA,NA,NA,NA,0,0,0,0,0,0,0,0,0,0,0,0,0,1,1,0,0,1,0,0,1,0,0,0,0,0,0,0,0,0,2
Esei Lake char,Salvelinus tolmachoffi,Salmonidae,Freshwater,Actinopterygii,Freshwater fishes,2377,NA,NA,NA,NA,3.7,2,EN,2009,1,1,0,0,4,2009,EN,1,0,0,0,0,0,0,0,0,0,0,0,0,0,0,0,0,0,0,0,0,0,0,0,0,0,0,0,0,0,0,0
Long-finned char,Salvethymus svetovidovi,Salmonidae,Freshwater,Actinopterygii,Freshwater fishes,NA,NA,NA,NA,NA,3.7,1,VU,1996,NA,NA,NA,NA,NA,1996,VU,1,0,0,0,0,0,0,0,0,0,1,0,0,0,0,0,0,0,0,0,0,0,0,0,0,0,0,0,0,0,0,0
Inconnu,Stenodus leucichthys,Salmonidae,Freshwater,Actinopterygii,Freshwater fishes,22000,22,NA,NA,NA,4.2,3,EW,2008,1,1,1,0,7,2008,EW,2,0,0,0,0,1,1,1,1,0,0,0,0,1,2,2,0,0,1,0,1,1,0,0,0,0,1,1,0,3,1,2
Arctic grayling,Thymallus arcticus,Salmonidae,Freshwater,Actinopterygii,Freshwater fishes,2103,18,NA,NA,NA,3.3,3,LC,2008,1,0,0,0,2,2008,LC,1,2,0,2,3,2,9,6,5,3,5,7,10,8,5,8,5,7,9,6,3,9,6,7,7,4,6,4,12,5,12,9
East Siberian grayling,Thymallus pallasii,Salmonidae,Freshwater,Actinopterygii,Freshwater fishes,3692,NA,NA,NA,NA,3.2,2,NA,NA,NA,NA,NA,NA,NA,NA,NA,NA,0,0,0,0,0,0,0,0,0,0,0,0,0,0,0,0,0,0,0,0,0,0,0,0,0,0,0,0,0,1,0
Grayling,Thymallus thymallus,Salmonidae,Freshwater,Actinopterygii,Freshwater fishes,6700,14,NA,NA,NA,3.1,3,LC,2011,1,0,0,0,8,1996,LR/lc,3,4,2,4,8,7,13,15,7,14,11,15,17,17,19,16,17,23,23,19,24,19,15,18,21,15,20,19,30,17,22,20
Trout-perch,Percopsis omiscomaycus,Percopsidae,Freshwater,Actinopterygii,Freshwater fishes,62,4,NA,NA,NA,3.4,3,LC,2013,NA,NA,NA,NA,NA,2013,LC,1,0,0,0,0,0,1,1,0,1,1,2,0,2,0,1,1,0,1,1,1,2,1,1,2,1,2,2,2,3,2,1
Atlantic cod,Gadus morhua,Gadidae,Marine,Actinopterygii,Marine fishes,52800,25,790,5.75E+06,NA,4.3,5,VU,1996,NA,NA,NA,NA,NA,1996,VU,1,23,12,30,17,74,87,80,85,111,125,162,186,174,178,167,207,234,238,229,331,337,345,350,382,346,385,371,358,356,360,295
Burbot,Lota lota,Gadidae,Freshwater,Actinopterygii,Freshwater fishes,18700,20,1460,NA,NA,4.1,4,LC,2013,NA,NA,NA,NA,NA,2008,LC,2,1,2,1,3,4,8,6,3,6,10,10,8,12,11,4,12,14,11,7,9,15,16,9,16,26,17,24,14,23,19,16
Brook stickleback,Culaea inconstans,Gasterosteidae,Freshwater,Actinopterygii,Freshwater fishes,15,2,NA,NA,NA,3.3,3,LC,2013,NA,NA,NA,NA,NA,2010,LC,2,0,3,1,0,3,5,4,5,9,7,8,5,2,14,4,11,8,11,7,10,8,8,7,5,6,7,5,2,1,8,3
Threespine stickleback,Gasterosteus aculeatus,Gasterosteidae,Freshwater,Actinopterygii,Freshwater fishes,15,8,365,NA,NA,3.4,4,LC,2015,NA,NA,NA,NA,NA,1996,LR/lc,5,16,12,23,18,44,57,56,49,67,50,57,68,57,81,72,56,75,90,68,84,96,100,107,107,100,142,132,115,131,171,122
Ninespine stickleback,Pungitius pungitius,Gasterosteidae,Freshwater,Actinopterygii,Freshwater fishes,29,5,NA,NA,NA,3.4,3,LC,2013,NA,NA,NA,NA,NA,1996,LR/lc,3,2,2,1,1,1,5,5,2,4,2,5,5,3,3,2,7,10,4,7,4,6,8,13,8,9,17,14,9,15,10,9
Coastrange sculpin,Cottus aleuticus,Cottidae,Freshwater,Actinopterygii,Freshwater fishes,23,8,NA,800,NA,3.4,4,LC,2013,1,0,0,0,11,2013,LC,1,0,0,0,0,0,0,2,0,2,0,0,3,1,0,1,0,2,1,1,1,1,0,1,0,1,1,1,3,1,0,3
Mottled sculpin,Cottus bairdii,Cottidae,Freshwater,Actinopterygii,Freshwater fishes,55,2,NA,NA,NA,3.3,3,LC,2013,NA,NA,NA,NA,NA,2013,LC,1,3,0,1,3,3,6,4,3,10,13,8,11,9,6,14,14,6,12,9,10,11,9,17,13,12,17,15,10,11,18,12
Slimy sculpin,Cottus cognatus,Cottidae,Freshwater,Actinopterygii,Freshwater fishes,41,7,NA,NA,NA,3.4,3,LC,2013,NA,NA,NA,NA,NA,2013,LC,1,0,1,0,2,2,9,2,3,4,3,1,8,6,3,6,5,2,8,9,8,17,11,9,9,7,11,8,11,7,5,4
bullhead,Cottus gobio,Cottidae,Freshwater,Actinopterygii,Freshwater fishes,86,5,NA,NA,NA,3.3,3,LC,2011,NA,NA,NA,NA,NA,1996,LR/lc,2,5,6,4,3,15,16,15,16,17,23,18,21,21,20,19,21,20,21,35,27,22,36,24,30,20,21,25,19,18,32,20
Alpine bullhead,Cottus poecilopus,Cottidae,Freshwater,Actinopterygii,Freshwater fishes,130,8,NA,NA,NA,3,3,LC,2008,NA,NA,NA,NA,NA,1996,LR/lc,2,0,0,0,0,0,2,1,0,0,0,0,0,1,2,2,1,5,4,1,0,0,3,2,2,1,1,0,4,1,4,1
Spoonhead sculpin,Cottus ricei,Cottidae,Freshwater,Actinopterygii,Freshwater fishes,23,NA,NA,NA,NA,3,2,LC,2013,NA,NA,NA,NA,NA,2013,LC,1,0,0,0,1,0,1,0,0,0,0,0,0,1,0,0,0,0,1,0,0,1,0,1,0,0,2,1,1,0,1,0
Siberian sculpin,Cottus sibiricus,Cottidae,Freshwater,Actinopterygii,Freshwater fishes,240,NA,NA,NA,NA,3.3,2,NA,NA,NA,NA,NA,NA,NA,NA,NA,NA,0,0,0,0,0,1,0,0,0,0,0,1,2,0,1,0,2,3,0,1,0,0,0,0,0,1,0,1,0,0,1
Deepwater sculpin,Myoxocephalus thompsonii,Cottidae,Freshwater,Actinopterygii,Freshwater fishes,151,NA,NA,NA,NA,3.2,2,LC,2013,1,0,0,0,4,2013,LC,1,0,0,0,0,3,0,0,0,1,1,3,2,2,3,0,2,0,1,4,2,1,3,7,0,5,2,4,4,3,0,3
Ruffe,Gymnocephalus cernua,Percidae,Freshwater,Actinopterygii,Freshwater fishes,400,10,NA,NA,NA,3.3,3,LC,2008,NA,NA,NA,NA,NA,1996,LR/lc,2,0,1,1,2,6,6,4,10,12,16,7,26,5,8,2,7,4,9,8,10,8,12,8,7,8,3,7,9,5,11,13
European perch,Perca fluviatilis,Percidae,Freshwater,Actinopterygii,Freshwater fishes,2613,22,1368,NA,NA,3.7,4,LC,2008,NA,NA,NA,NA,NA,1996,LR/lc,2,9,7,10,14,27,45,31,48,44,69,44,57,39,51,38,51,59,59,49,82,70,81,79,88,78,68,68,75,75,74,67
Pike-perch,Sander lucioperca,Percidae,Freshwater,Actinopterygii,Freshwater fishes,11000,16,1338,NA,NA,4,4,LC,2008,NA,NA,NA,NA,NA,1996,LR/lc,2,0,0,0,1,0,1,3,4,0,5,2,6,2,3,1,4,8,10,17,19,22,22,24,13,18,24,31,17,19,30,29
Walleye,Sander vitreus,Percidae,Freshwater,Actinopterygii,Freshwater fishes,11000,29,NA,NA,NA,4.2,3,LC,2013,1,1,0,0,6,2013,LC,1,15,10,16,19,42,34,40,37,41,87,48,60,50,48,65,80,78,67,85,76,89,77,74,61,92,86,79,71,71,72,63
Greenland shark,Somniosus microcephalus,Somniosidae,Marine,Chondrichthyes,Marine fishes,775000,392,54750,10,NA,4.3,5,NT,2006,0,1,0,0,5,2006,NT,1,0,0,0,0,0,0,0,0,1,0,0,2,0,1,0,1,1,4,3,2,2,1,3,1,1,9,1,5,3,1,8
Arctic skate,Amblyraja hyperborea,Rajidae,Marine,Chondrichthyes,Marine fishes,34446,NA,NA,NA,NA,4,2,LC,2016,0,1,0,0,3,2007,LC,2,0,0,0,0,0,0,1,1,0,0,0,0,0,0,0,0,1,0,1,1,0,0,0,0,0,1,0,2,1,0,0
Pacific herring,Clupea pallasii,Clupeidae,Marine,Actinopterygii,Marine fishes,183,19,NA,23500,NA,NA,3,NA,NA,NA,NA,NA,NA,NA,NA,NA,NA,9,7,5,8,10,8,11,10,7,10,13,14,23,19,24,21,13,16,20,18,17,25,23,22,24,24,24,21,24,21,26
Capelin,Mallotus villosus,Osmeridae,Marine,Actinopterygii,Marine fishes,52,10,1095,6.00E+04,NA,3.1,5,NA,NA,NA,NA,NA,NA,NA,NA,NA,NA,7,2,4,3,19,18,13,19,20,20,21,35,22,23,19,54,29,32,26,25,31,31,37,20,18,41,32,26,21,34,17
Glacier lanterfish,Benthosema glaciale,Myctophidae,Marine,Actinopterygii,Marine fishes,92,8,912,1080,NA,3,5,LC,2015,NA,NA,NA,NA,NA,2015,LC,1,0,1,1,0,0,2,0,0,0,2,0,4,1,0,2,0,2,1,0,2,2,1,4,0,1,4,1,4,5,0,0
Arctic telescope,Protomyctophum arcticum,Myctophidae,Marine,Actinopterygii,Marine fishes,23,NA,NA,NA,NA,3.1,2,NA,NA,NA,NA,NA,NA,NA,NA,NA,NA,0,0,0,0,0,0,0,0,0,0,0,0,0,0,0,0,0,0,0,1,0,1,1,0,0,1,1,0,0,0,0
Silver rockling,Gaidropsarus argentatus,Phycidae,Marine,Actinopterygii,Marine fishes,2064,8,NA,NA,NA,3.6,3,NA,NA,NA,NA,NA,NA,NA,NA,NA,NA,0,0,0,0,0,0,0,0,0,0,1,0,0,0,0,0,0,0,0,0,0,0,0,0,0,1,0,0,1,0,0
Threebeard rockling,Gaidropsarus ensis,Phycidae,Marine,Actinopterygii,Marine fishes,2898,NA,NA,NA,NA,3.4,2,NA,NA,NA,NA,NA,NA,NA,NA,NA,NA,0,0,0,0,0,0,0,0,0,0,0,0,0,0,0,0,0,0,0,0,0,0,0,0,0,0,0,0,0,0,0
Polar cod,Arctogadus glacialis,Gadidae,Marine,Actinopterygii,Marine fishes,1710,13,NA,NA,NA,3.8,3,NA,NA,NA,NA,NA,NA,NA,NA,NA,NA,1,0,1,0,4,4,2,8,6,6,5,4,9,6,4,7,6,12,6,5,7,5,12,11,13,10,15,11,15,27,15
Arctic cod,Boreogadus saida,Gadidae,Marine,Actinopterygii,Marine fishes,2898,7,NA,NA,NA,3.3,3,NA,NA,NA,NA,NA,NA,NA,NA,NA,NA,6,1,1,2,9,8,4,12,11,12,15,25,18,18,25,23,32,25,26,30,32,26,32,35,40,35,46,43,41,57,30
Saffron cod,Eleginus gracilis,Gadidae,Marine,Actinopterygii,Marine fishes,1300,14,912,NA,NA,3.8,4,NA,NA,NA,NA,NA,NA,NA,NA,NA,NA,0,0,0,0,0,1,0,0,0,0,0,2,0,1,0,0,0,0,1,0,1,3,2,1,2,0,2,0,0,5,1
Navaga,Eleginus nawaga,Gadidae,Marine,Actinopterygii,Marine fishes,3280,12,NA,9.00E+04,1,4.2,5,NA,NA,NA,NA,NA,NA,NA,NA,NA,NA,0,0,0,0,0,0,0,1,0,1,0,0,1,0,0,0,0,0,0,0,0,0,0,0,0,0,0,1,1,1,2
Pacific cod,Gadus macrocephalus,Gadidae,Marine,Actinopterygii,Marine fishes,12485,18,1514,NA,NA,4.4,4,NA,NA,NA,NA,NA,NA,NA,NA,NA,NA,3,4,1,2,7,5,6,4,8,4,11,13,13,9,7,14,15,26,20,17,22,33,25,32,26,40,35,30,42,27,41
Atlantic hookear sculpin,Artediellus atlanticus,Cottidae,Marine,Actinopterygii,Marine fishes,240,17,NA,NA,NA,3.4,3,NA,NA,NA,NA,NA,NA,NA,NA,NA,NA,0,0,0,0,0,0,0,0,0,1,0,0,0,1,0,0,0,0,0,0,0,0,0,0,0,0,2,1,1,0,0
Hamecon,Artediellus scaber,Cottidae,Marine,Actinopterygii,Marine fishes,55,7,NA,NA,NA,3.4,3,NA,NA,NA,NA,NA,NA,NA,NA,NA,NA,0,0,0,0,0,0,0,0,0,0,0,0,0,0,0,0,0,0,0,0,0,0,0,0,0,0,0,0,0,0,0
Arctic hookear sculpin,Artediellus uncinatus,Cottidae,Marine,Actinopterygii,Marine fishes,86,4,NA,NA,NA,3.5,3,NA,NA,NA,NA,NA,NA,NA,NA,NA,NA,0,0,0,0,0,0,0,0,0,0,0,0,0,0,0,0,0,0,0,0,0,0,0,0,0,0,0,0,0,0,0
Arctic staghorn sculpin,Gymnocanthus tricuspis,Cottidae,Marine,Actinopterygii,Marine fishes,1396,9,NA,NA,NA,3.4,3,NA,NA,NA,NA,NA,NA,NA,NA,NA,NA,0,0,0,0,0,0,0,0,0,0,0,0,0,0,0,0,0,0,0,0,0,0,1,0,0,1,2,0,1,2,0
Twohorn sculpin,Icelus bicornis,Cottidae,Marine,Actinopterygii,Marine fishes,269,5,NA,1.00E+03,NA,3.1,4,NA,NA,NA,NA,NA,NA,NA,NA,NA,NA,0,0,0,0,0,0,0,0,0,0,0,0,0,0,0,0,0,0,0,0,0,0,0,0,0,0,0,0,0,0,0
Spatulate sculpin,Icelus spatula,Cottidae,Marine,Actinopterygii,Marine fishes,160,7,NA,NA,NA,3.4,3,NA,NA,NA,NA,NA,NA,NA,NA,NA,NA,0,0,0,0,0,1,0,0,0,0,0,0,0,0,0,0,0,0,0,0,1,0,0,0,0,0,0,0,0,0,0
Fourhorn sculpin,Triglopsis quadricornis,Cottidae,Marine,Actinopterygii,Marine fishes,260,14,NA,NA,NA,3.7,3,LC,2013,NA,NA,NA,NA,NA,1990,V,6,0,2,0,1,1,3,1,1,1,2,1,0,0,0,0,0,1,0,0,1,1,1,0,0,0,0,0,0,0,0,0
Arctic sculpin,Myoxocephalus scorpioides,Cottidae,Marine,Actinopterygii,Marine fishes,635,NA,NA,NA,NA,3.4,2,NA,NA,NA,NA,NA,NA,NA,NA,NA,NA,0,0,0,0,2,8,2,1,2,0,3,1,2,1,2,1,3,3,3,2,3,4,1,0,2,2,7,2,3,4,1
Shorthorn sculpin,Myoxocephalus scorpius,Cottidae,Marine,Actinopterygii,Marine fishes,8116,15,NA,NA,NA,3.9,3,NA,NA,NA,NA,NA,NA,NA,NA,NA,NA,0,0,0,0,3,1,3,3,4,2,2,3,4,9,4,4,4,3,4,4,3,3,5,2,1,3,5,2,5,3,2
NA,Porocottus quadrifilis,Cottidae,Marine,Actinopterygii,Marine fishes,NA,NA,NA,NA,NA,NA,0,NA,NA,NA,NA,NA,NA,NA,NA,NA,NA,0,0,0,0,0,0,0,0,0,0,0,0,0,0,0,0,0,0,0,0,0,0,0,0,0,0,0,0,0,0,0
Bigeye sculpin,Triglops nybelini,Cottidae,Marine,Actinopterygii,Marine fishes,498,NA,NA,NA,NA,3.5,2,NA,NA,NA,NA,NA,NA,NA,NA,NA,NA,0,0,0,0,1,0,0,0,0,0,0,0,0,0,0,0,0,0,0,0,0,0,0,0,0,0,0,1,1,0,0
Ribbed sculpin,Triglops pingelii,Cottidae,Marine,Actinopterygii,Marine fishes,498,9,NA,NA,NA,3.4,3,NA,NA,NA,NA,NA,NA,NA,NA,NA,NA,0,0,0,0,0,0,0,0,0,0,0,0,0,0,0,0,0,0,0,0,0,0,0,0,0,0,0,0,0,1,0
Arctic alligatorfish,Aspidophoroides olrikii,Agonidae,Marine,Actinopterygii,Marine fishes,58,NA,NA,NA,NA,3.3,2,NA,NA,NA,NA,NA,NA,NA,NA,NA,NA,0,0,0,0,0,0,0,0,0,0,0,0,0,0,0,0,0,0,0,0,0,0,1,1,0,1,0,0,0,0,0
Atlantic poacher,Leptagonus decagonus,Agonidae,Marine,Actinopterygii,Marine fishes,564,NA,NA,NA,NA,3.2,2,NA,NA,NA,NA,NA,NA,NA,NA,NA,NA,0,0,0,0,0,0,0,0,0,0,0,0,0,0,1,0,0,1,0,0,1,1,0,0,1,0,0,2,2,1,1
Veteran poacher,Podothecus veternus,Agonidae,Marine,Actinopterygii,Marine fishes,1171,NA,NA,NA,NA,NA,1,NA,NA,NA,NA,NA,NA,NA,NA,NA,NA,0,0,0,0,0,0,0,0,0,0,0,0,0,0,0,0,0,0,0,0,0,0,0,0,0,0,0,0,0,0,0
Polar sculpin,Cottunculus microps,Psychrolutidae,Marine,Actinopterygii,Marine fishes,1396,8,NA,200,NA,3.3,4,NA,NA,NA,NA,NA,NA,NA,NA,NA,NA,0,0,0,0,0,0,1,1,2,0,1,0,1,0,1,0,0,1,0,0,2,0,0,0,2,0,5,2,0,2,2
NA,Psychrolutes subspinosus,Psychrolutidae,Marine,Actinopterygii,Marine fishes,136,NA,NA,NA,NA,NA,1,NA,NA,NA,NA,NA,NA,NA,NA,NA,NA,0,0,0,0,0,0,0,0,0,0,0,0,0,0,0,0,0,0,0,0,0,0,0,0,0,0,0,0,0,0,0
Smooth lumpfish,Cyclopteropsis jordani,Cyclopteridae,Marine,Actinopterygii,Marine fishes,24,NA,NA,NA,NA,3.4,2,NA,NA,NA,NA,NA,NA,NA,NA,NA,NA,0,0,0,0,0,0,0,0,0,0,0,0,0,0,0,0,0,0,0,0,0,0,0,0,0,0,0,0,1,0,0
Arctic lumpsucker,Cyclopteropsis mcalpini,Cyclopteridae,Marine,Actinopterygii,Marine fishes,41,NA,NA,70,NA,NA,2,NA,NA,NA,NA,NA,NA,NA,NA,NA,NA,0,0,0,0,0,0,0,0,0,0,0,0,0,0,0,0,0,0,0,0,1,0,0,0,0,0,1,0,1,2,0
Leatherfin lumpsucker,Eumicrotremus derjugini,Cyclopteridae,Marine,Actinopterygii,Marine fishes,86,NA,NA,NA,NA,3.3,2,NA,NA,NA,NA,NA,NA,NA,NA,NA,NA,0,0,0,0,0,0,0,0,0,0,0,0,0,0,0,0,0,0,0,0,1,0,0,0,0,0,0,0,0,0,0
Atlantic spiny lumpsucker,Eumicrotremus spinosus,Cyclopteridae,Marine,Actinopterygii,Marine fishes,173,3,NA,NA,NA,3.5,3,NA,NA,NA,NA,NA,NA,NA,NA,NA,NA,0,0,0,0,0,0,0,0,0,0,0,0,0,0,0,0,0,0,0,0,1,0,0,0,0,0,1,0,0,0,0
Deryugin's tadpole,Careproctus derjugini,Liparidae,Marine,Actinopterygii,Marine fishes,613,NA,NA,NA,NA,NA,1,NA,NA,NA,NA,NA,NA,NA,NA,NA,NA,0,0,0,0,0,0,0,0,0,0,0,0,0,0,0,0,0,0,0,0,0,0,0,0,0,0,0,0,0,0,0
NA,Careproctus dubius,Liparidae,Marine,Actinopterygii,Marine fishes,NA,NA,NA,NA,NA,NA,0,NA,NA,NA,NA,NA,NA,NA,NA,NA,NA,0,0,0,0,0,0,0,0,0,0,0,0,0,0,0,0,0,0,0,0,0,0,0,0,0,0,0,0,0,0,0
Kido's snailfish,Careproctus kidoi,Liparidae,Marine,Actinopterygii,Marine fishes,75,NA,NA,NA,NA,NA,1,NA,NA,NA,NA,NA,NA,NA,NA,NA,NA,0,0,0,0,0,0,0,0,0,0,0,0,0,0,0,0,0,0,0,0,0,1,0,0,0,0,0,0,0,0,0
Knipowitsch's tadpole,Careproctus knipowitschi,Liparidae,Marine,Actinopterygii,Marine fishes,409,NA,NA,NA,NA,NA,1,NA,NA,NA,NA,NA,NA,NA,NA,NA,NA,0,0,0,0,0,0,0,0,0,0,0,0,0,0,0,0,0,0,0,0,0,0,0,0,0,0,0,0,0,0,0
NA,Careproctus longipinnis,Liparidae,Marine,Actinopterygii,Marine fishes,1068,NA,NA,NA,NA,3.5,2,NA,NA,NA,NA,NA,NA,NA,NA,NA,NA,0,0,0,0,0,0,0,0,0,0,0,0,0,0,0,0,0,0,0,0,0,0,0,0,0,0,0,0,0,0,0
NA,Careproctus macrophthalmus,Liparidae,Marine,Actinopterygii,Marine fishes,107,NA,NA,NA,NA,NA,1,NA,NA,NA,NA,NA,NA,NA,NA,NA,NA,0,0,0,0,0,0,0,0,0,0,0,0,0,0,0,0,0,0,0,0,0,0,0,0,0,0,0,0,0,0,0
NA,Careproctus micropus,Liparidae,Marine,Actinopterygii,Marine fishes,NA,NA,NA,NA,NA,NA,0,NA,NA,NA,NA,NA,NA,NA,NA,NA,NA,0,0,0,0,0,0,0,0,0,0,0,0,0,0,0,0,0,0,0,0,0,0,0,0,0,0,0,0,0,0,0
Scotian snailfish,Careproctus ranula,Liparidae,Marine,Actinopterygii,Marine fishes,50,NA,NA,NA,NA,NA,1,NA,NA,NA,NA,NA,NA,NA,NA,NA,NA,0,0,0,0,0,0,0,0,0,0,0,0,0,0,0,0,0,0,0,0,0,0,0,0,0,0,0,0,0,0,0
NA,Careproctus reinhardti,Liparidae,Marine,Actinopterygii,Marine fishes,1396,9,NA,300,NA,3.8,4,NA,NA,NA,NA,NA,NA,NA,NA,NA,NA,0,0,0,0,0,0,0,0,0,0,0,0,0,0,0,0,0,0,0,0,0,1,0,0,0,0,0,1,0,0,0
NA,Careproctus solidus,Liparidae,Marine,Actinopterygii,Marine fishes,130,NA,NA,NA,NA,NA,1,NA,NA,NA,NA,NA,NA,NA,NA,NA,NA,0,0,0,0,0,0,0,0,0,0,0,0,0,0,0,0,0,0,0,0,0,0,0,0,0,0,0,0,0,0,0
Tapir tadpole,Careproctus tapirus,Liparidae,Marine,Actinopterygii,Marine fishes,157,NA,NA,NA,NA,NA,1,NA,NA,NA,NA,NA,NA,NA,NA,NA,NA,0,0,0,0,0,0,0,0,0,0,0,0,0,0,0,0,0,0,0,0,0,0,0,0,0,0,0,0,0,0,0
Telescope tadpole,Careproctus telescopus,Liparidae,Marine,Actinopterygii,Marine fishes,201,NA,NA,NA,NA,NA,1,NA,NA,NA,NA,NA,NA,NA,NA,NA,NA,0,0,0,0,0,0,0,0,0,0,0,0,0,0,0,0,0,0,0,0,0,0,0,0,0,0,0,0,0,0,0
NA,Liparis bathyarcticus,Liparidae,Marine,Actinopterygii,Marine fishes,201,6,NA,NA,NA,NA,2,NA,NA,NA,NA,NA,NA,NA,NA,NA,NA,0,0,0,0,0,0,0,0,0,0,0,0,0,0,0,0,0,0,0,0,0,0,0,0,0,0,0,0,0,0,0
Gelatinous seasnail,Liparis fabricii,Liparidae,Marine,Actinopterygii,Marine fishes,498,6,NA,NA,NA,3.3,3,NA,NA,NA,NA,NA,NA,NA,NA,NA,NA,0,0,1,0,0,0,0,0,0,0,0,0,0,0,0,0,0,0,0,0,0,0,0,0,0,0,0,0,0,0,0
Dusky snailfish,Liparis gibbus,Liparidae,Marine,Actinopterygii,Marine fishes,5643,NA,NA,NA,NA,3.2,2,NA,NA,NA,NA,NA,NA,NA,NA,NA,NA,0,1,1,0,0,1,0,0,0,0,0,0,0,0,0,0,0,0,0,1,0,1,0,0,0,0,0,0,1,0,0
Festive snailfish,Liparis marmoratus,Liparidae,Marine,Actinopterygii,Marine fishes,NA,NA,NA,NA,NA,NA,0,NA,NA,NA,NA,NA,NA,NA,NA,NA,NA,0,0,0,0,0,0,0,0,0,0,0,0,0,0,1,0,0,0,0,0,0,0,0,0,1,0,0,0,0,0,0
Kelp snailfish,Liparis tunicatus,Liparidae,Marine,Actinopterygii,Marine fishes,283,NA,NA,NA,NA,3.5,2,NA,NA,NA,NA,NA,NA,NA,NA,NA,NA,0,1,0,0,0,0,0,0,0,0,0,0,0,0,0,0,0,0,0,0,0,0,0,0,0,0,0,0,0,0,0
Black seasnail,Paraliparis bathybius,Liparidae,Marine,Actinopterygii,Marine fishes,905,NA,NA,NA,NA,3.3,2,NA,NA,NA,NA,NA,NA,NA,NA,NA,NA,0,0,0,0,0,0,0,0,0,0,0,0,1,1,0,0,0,0,1,0,0,0,0,0,0,0,0,0,0,0,0
NA,Paraliparis violaceus,Liparidae,Marine,Actinopterygii,Marine fishes,216,NA,NA,NA,NA,NA,1,NA,NA,NA,NA,NA,NA,NA,NA,NA,NA,0,0,0,0,0,0,0,0,0,0,0,0,0,0,0,0,0,0,0,0,0,0,0,0,0,0,0,0,0,0,0
Threadfin seasnail,Rhodichthys regina,Liparidae,Marine,Actinopterygii,Marine fishes,1517,NA,NA,NA,NA,3.6,2,NA,NA,NA,NA,NA,NA,NA,NA,NA,NA,0,0,0,0,0,0,0,0,0,0,0,0,0,1,0,0,0,0,1,0,0,0,0,0,0,0,0,0,0,0,0
NA,Gymnelus andersoni,Zoarcidae,Marine,Actinopterygii,Marine fishes,201,NA,NA,NA,NA,NA,1,NA,NA,NA,NA,NA,NA,NA,NA,NA,NA,0,0,0,0,0,0,0,0,0,0,0,0,0,0,0,0,0,0,0,0,0,0,0,0,0,0,0,0,0,0,0
NA,Gymnelus esipovi,Zoarcidae,Marine,Actinopterygii,Marine fishes,NA,NA,NA,NA,NA,NA,0,NA,NA,NA,NA,NA,NA,NA,NA,NA,NA,0,0,0,0,0,0,0,0,0,0,0,0,0,0,0,0,0,0,0,0,0,0,0,0,0,0,0,0,0,0,0
Halfbarred pout,Gymnelus hemifasciatus,Zoarcidae,Marine,Actinopterygii,Marine fishes,97,NA,NA,NA,NA,NA,1,NA,NA,NA,NA,NA,NA,NA,NA,NA,NA,0,0,0,0,0,0,0,0,0,0,0,0,0,0,0,0,0,0,0,0,0,0,0,0,0,0,0,0,1,0,0
Aurora pout,Gymnelus retrodorsalis,Zoarcidae,Marine,Actinopterygii,Marine fishes,201,NA,NA,NA,NA,3.2,2,NA,NA,NA,NA,NA,NA,NA,NA,NA,NA,0,0,0,0,0,0,0,0,0,0,0,0,0,0,0,0,0,0,0,0,0,0,0,0,0,0,0,0,0,0,0
NA,Gymnelus taeniatus,Zoarcidae,Marine,Actinopterygii,Marine fishes,NA,NA,NA,NA,NA,NA,0,NA,NA,NA,NA,NA,NA,NA,NA,NA,NA,0,0,0,0,0,0,0,0,0,0,0,0,0,0,0,0,0,0,0,0,0,0,0,0,0,0,0,0,0,0,0
Fish doctor,Gymnelus viridis,Zoarcidae,Marine,Actinopterygii,Marine fishes,6812,12,NA,NA,NA,3.1,3,NA,NA,NA,NA,NA,NA,NA,NA,NA,NA,0,0,0,0,0,0,0,0,0,0,0,0,1,0,0,1,0,0,0,0,0,1,2,0,3,0,1,1,1,1,0
Checkered wolf eel,Lycenchelys kolthoffi,Zoarcidae,Marine,Actinopterygii,Marine fishes,726,7,NA,NA,NA,3.1,3,NA,NA,NA,NA,NA,NA,NA,NA,NA,NA,0,0,0,0,0,0,0,0,0,0,0,0,0,1,0,0,0,0,0,0,0,0,0,0,0,0,0,0,0,0,0
Moray wolf eel,Lycenchelys muraena,Zoarcidae,Marine,Actinopterygii,Marine fishes,680,NA,NA,NA,NA,3.5,2,NA,NA,NA,NA,NA,NA,NA,NA,NA,NA,0,0,0,0,0,0,0,0,0,0,0,0,0,1,0,0,0,0,0,0,0,0,0,0,0,0,0,0,0,0,0
NA,Lycenchelys platyrhina,Zoarcidae,Marine,Actinopterygii,Marine fishes,224,NA,NA,NA,NA,NA,1,DD,2014,0,1,0,1,3,NA,NA,1,0,0,0,0,0,0,0,0,0,0,0,0,0,0,0,0,0,0,0,0,0,0,0,0,0,0,0,0,0,0,0
Adolf's eelpout,Lycodes adolfi,Zoarcidae,Marine,Actinopterygii,Marine fishes,792,33,NA,NA,NA,3.5,3,NA,NA,NA,NA,NA,NA,NA,NA,NA,NA,0,0,0,0,0,0,0,0,0,0,0,0,0,1,0,0,0,0,0,0,0,0,0,0,1,0,0,1,0,1,0
Doubleline eelpout,Lycodes eudipleurostictus,Zoarcidae,Marine,Actinopterygii,Marine fishes,3799,NA,NA,NA,NA,3.5,2,NA,NA,NA,NA,NA,NA,NA,NA,NA,NA,0,0,0,0,0,0,0,0,0,0,0,0,0,1,0,0,0,0,0,0,0,0,0,0,0,1,0,0,0,0,0
Glacial eelpout,Lycodes frigidus,Zoarcidae,Marine,Actinopterygii,Marine fishes,11575,9,NA,500,NA,3.8,4,NA,NA,NA,NA,NA,NA,NA,NA,NA,NA,0,0,0,0,0,0,0,0,0,0,0,0,1,1,0,0,0,0,1,0,0,0,0,0,1,0,0,0,2,0,0
Shulupaoluk,Lycodes jugoricus,Zoarcidae,Marine,Actinopterygii,Marine fishes,571,NA,NA,NA,NA,3.2,2,LC,2010,NA,NA,NA,NA,NA,2010,LC,1,0,0,0,0,0,0,0,0,0,0,0,0,0,0,0,0,0,0,0,0,0,0,0,0,0,0,0,0,0,0,0
Ltken's eelpout,Lycodes luetkenii,Zoarcidae,Marine,Actinopterygii,Marine fishes,2140,NA,NA,NA,NA,4,2,NA,NA,NA,NA,NA,NA,NA,NA,NA,NA,0,0,0,0,0,0,0,0,0,0,0,0,0,1,0,0,0,0,0,0,0,0,0,0,0,0,0,0,0,0,0
White sea eelpout,Lycodes marisalbi,Zoarcidae,Marine,Actinopterygii,Marine fishes,585,NA,NA,NA,NA,NA,1,NA,NA,NA,NA,NA,NA,NA,NA,NA,NA,0,0,0,0,0,0,0,0,0,0,0,0,0,2,1,0,2,0,1,1,0,0,0,0,0,0,1,0,0,0,0
McAllister's eelpout,Lycodes mcallisteri,Zoarcidae,Marine,Actinopterygii,Marine fishes,2460,NA,NA,NA,NA,4.5,2,NA,NA,NA,NA,NA,NA,NA,NA,NA,NA,0,0,0,0,0,0,0,0,0,0,0,0,0,0,1,0,0,0,0,0,0,0,0,0,0,0,0,0,0,0,0
Saddled eelpout,Lycodes mucosus,Zoarcidae,Marine,Actinopterygii,Marine fishes,524,NA,NA,NA,NA,3.9,2,NA,NA,NA,NA,NA,NA,NA,NA,NA,NA,0,0,0,0,0,0,0,0,0,0,0,0,0,0,0,0,0,0,0,0,0,0,0,0,0,0,0,0,0,0,0
Paamiut eelpout,Lycodes paamiuti,Zoarcidae,Marine,Actinopterygii,Marine fishes,792,NA,NA,NA,NA,NA,1,LC,2010,NA,NA,NA,NA,NA,2010,LC,1,0,0,0,0,0,0,0,0,0,0,0,0,0,0,1,0,0,0,0,0,0,0,0,0,0,1,0,0,0,0,0
Pale eelpout,Lycodes pallidus,Zoarcidae,Marine,Actinopterygii,Marine fishes,970,NA,NA,NA,NA,3.1,2,NA,NA,NA,NA,NA,NA,NA,NA,NA,NA,0,0,0,0,0,0,0,0,0,0,0,0,0,3,1,0,0,0,0,0,0,0,0,0,0,1,0,0,0,0,0
Canadian eelpout,Lycodes polaris,Zoarcidae,Marine,Actinopterygii,Marine fishes,878,NA,NA,NA,NA,3.3,2,NA,NA,NA,NA,NA,NA,NA,NA,NA,NA,0,0,0,0,0,0,0,0,0,0,0,0,0,1,0,0,0,0,0,0,0,0,0,0,0,0,0,0,0,1,0
Arctic eelpout,Lycodes reticulatus,Zoarcidae,Marine,Actinopterygii,Marine fishes,2218,10,NA,NA,NA,3.5,3,NA,NA,NA,NA,NA,NA,NA,NA,NA,NA,0,0,0,0,0,0,0,0,0,1,1,0,0,2,2,0,0,0,1,0,0,0,0,1,4,1,0,0,2,1,0
Threespot eelpout,Lycodes rossi,Zoarcidae,Marine,Actinopterygii,Marine fishes,64,9,NA,NA,NA,3.5,3,NA,NA,NA,NA,NA,NA,NA,NA,NA,NA,0,0,0,0,0,0,0,0,0,0,0,0,0,0,0,0,0,0,0,0,0,0,0,0,0,0,0,0,0,0,0
Archer eelpout,Lycodes sagittarius,Zoarcidae,Marine,Actinopterygii,Marine fishes,71,NA,NA,NA,NA,3.2,2,NA,NA,NA,NA,NA,NA,NA,NA,NA,NA,0,0,0,0,0,0,0,0,0,0,0,0,0,1,1,0,0,0,0,0,0,0,0,0,0,0,0,0,0,0,0
Longear eelpout,Lycodes seminudus,Zoarcidae,Marine,Actinopterygii,Marine fishes,5561,8,NA,NA,NA,3.8,3,NA,NA,NA,NA,NA,NA,NA,NA,NA,NA,0,0,0,0,0,0,0,0,0,0,0,0,0,1,0,0,0,0,0,0,0,0,0,0,0,1,0,1,0,1,0
Scalebelly eelpout,Lycodes squamiventer,Zoarcidae,Marine,Actinopterygii,Marine fishes,970,21,NA,NA,NA,NA,2,NA,NA,NA,NA,NA,NA,NA,NA,NA,NA,0,0,0,0,0,0,0,0,0,0,0,0,0,0,1,0,1,0,0,0,0,0,0,0,1,1,1,0,0,0,0
Polar eelpout,Lycodes turneri,Zoarcidae,Marine,Actinopterygii,Marine fishes,878,NA,NA,NA,NA,NA,1,NA,NA,NA,NA,NA,NA,NA,NA,NA,NA,0,0,0,0,0,0,0,0,0,0,0,0,0,2,2,0,0,0,1,1,1,0,0,0,3,0,1,0,0,0,0
NA,Lycodonus flagellicauda,Zoarcidae,Marine,Actinopterygii,Marine fishes,492,NA,NA,NA,NA,3.5,2,NA,NA,NA,NA,NA,NA,NA,NA,NA,NA,0,0,0,0,0,0,0,0,0,0,0,0,0,0,0,0,0,0,0,0,0,0,0,0,0,0,0,0,0,0,0
Stout eelblenny,Anisarchus medius,Stichaeidae,Marine,Actinopterygii,Marine fishes,1396,NA,NA,NA,NA,3.2,2,NA,NA,NA,NA,NA,NA,NA,NA,NA,NA,0,0,0,0,0,0,0,0,0,0,0,0,1,0,0,0,0,0,0,0,0,0,0,0,0,0,0,0,0,0,0
Fourline snakeblenny,Eumesogrammus praecisus,Stichaeidae,Marine,Actinopterygii,Marine fishes,635,NA,NA,NA,NA,3.5,2,NA,NA,NA,NA,NA,NA,NA,NA,NA,NA,0,0,0,0,0,0,0,0,0,0,0,0,0,0,0,0,0,0,0,0,0,0,0,0,0,0,0,0,0,0,0
Daubed shanny,Leptoclinus maculatus,Stichaeidae,Marine,Actinopterygii,Marine fishes,498,NA,NA,NA,NA,3.3,2,NA,NA,NA,NA,NA,NA,NA,NA,NA,NA,0,0,0,0,0,0,0,0,0,0,0,1,1,0,0,1,0,0,0,0,0,1,0,1,0,0,1,1,1,0,1
Slender eelblenny,Lumpenus fabricii,Stichaeidae,Marine,Actinopterygii,Marine fishes,2297,NA,NA,NA,NA,3.3,2,NA,NA,NA,NA,NA,NA,NA,NA,NA,NA,0,0,0,0,0,1,1,0,0,0,1,1,0,0,0,0,0,0,0,0,0,0,0,0,0,0,0,0,0,0,0
NA,Stichaeus punctatus,Stichaeidae,Marine,Actinopterygii,Marine fishes,635,NA,NA,NA,NA,NA,1,NA,NA,NA,NA,NA,NA,NA,NA,NA,NA,0,0,0,0,0,1,1,0,0,0,0,0,0,1,0,0,2,0,0,0,0,0,0,0,0,1,0,0,0,0,0
Banded gunnel,Pholis fasciata,Pholidae,Marine,Actinopterygii,Marine fishes,1396,NA,NA,NA,NA,3.3,2,NA,NA,NA,NA,NA,NA,NA,NA,NA,NA,0,0,0,0,0,0,0,0,1,0,0,0,0,0,0,0,0,0,0,0,0,0,0,0,0,0,0,0,0,0,0
Northern wolffish,Anarhichas denticulatus,Anarhichadidae,Marine,Actinopterygii,Marine fishes,20000,16,NA,NA,NA,3.8,3,NA,NA,NA,NA,NA,NA,NA,NA,NA,NA,0,0,0,1,0,0,0,0,1,0,1,0,1,0,0,1,1,1,0,1,1,1,0,0,1,0,0,3,1,0,0
Northern sand lance,Ammodytes dubius,Ammodytidae,Marine,Actinopterygii,Marine fishes,878,10,NA,2.00E+04,NA,3.3,4,NA,NA,NA,NA,NA,NA,NA,NA,NA,NA,1,0,1,1,1,5,2,1,3,0,4,3,1,0,1,5,0,0,3,1,1,4,3,1,0,1,3,2,3,3,2
Pacific sand lance,Ammodytes hexapterus,Ammodytidae,Marine,Actinopterygii,Marine fishes,100,11,912,2.00E+04,NA,3.4,5,NA,NA,NA,NA,NA,NA,NA,NA,NA,NA,0,0,0,0,1,2,3,0,2,1,2,1,6,5,3,5,3,1,5,5,2,9,4,2,2,4,6,4,4,4,4
Bering flounder,Hippoglossoides robustus,Pleuronectidae,Marine,Actinopterygii,Marine fishes,1396,30,NA,NA,NA,4.2,3,NA,NA,NA,NA,NA,NA,NA,NA,NA,NA,0,0,0,0,0,0,1,0,2,1,0,0,0,2,1,0,2,2,2,3,4,2,2,4,5,4,1,1,1,5,1
Arctic flounder,Liopsetta glacialis,Pleuronectidae,Marine,Actinopterygii,Marine fishes,2064,28,2190,NA,0.5,3.6,5,LC,2008,NA,NA,NA,NA,NA,2008,LC,1,0,0,0,0,1,1,0,1,0,2,0,1,0,0,0,2,2,1,1,2,1,3,2,1,2,2,3,2,1,2,2
Starry flounder,Platichthys stellatus,Pleuronectidae,Marine,Actinopterygii,Marine fishes,9100,24,2920,NA,NA,3.5,4,LC,2013,NA,NA,NA,NA,NA,2013,LC,1,3,2,0,0,8,8,4,7,1,7,6,10,5,5,2,3,8,4,1,1,7,2,5,4,1,2,0,3,3,6,3
Greenland halibut,Reinhardtius hippoglossoides,Pleuronectidae,Marine,Actinopterygii,Marine fishes,7000,30,3826,NA,NA,4.1,4,NA,NA,NA,NA,NA,NA,NA,NA,NA,NA,0,4,2,0,3,2,4,2,3,2,9,10,5,8,10,9,6,9,8,6,11,5,5,12,6,9,13,8,12,12,9
Tundra Shrew,Sorex tundrensis,Soricidae,Terrestrial,Mammalia,Terrestrial mammals,8,1.5,348,6.69,1.9,2,6,LC,2016,NA,NA,NA,NA,NA,1996,LR/lc,3,0,0,0,0,0,0,0,0,1,0,2,1,0,0,0,1,1,0,0,1,1,4,0,0,0,3,1,0,2,1,0
Barren-ground Shrew,Sorex ugyunak,Soricidae,Terrestrial,Mammalia,Terrestrial mammals,5,2.5,242,6.5,1.9,2,6,LC,2016,NA,NA,NA,NA,NA,1996,LR/lc,3,0,0,0,0,0,0,0,0,0,0,0,0,0,0,0,1,1,0,0,0,0,0,0,0,0,0,1,0,0,0,0
Pribilof Island Shrew,Sorex pribilofensis,Soricidae,Terrestrial,Mammalia,Terrestrial mammals,NA,NA,NA,NA,NA,2,1,EN,2008,1,0,1,1,7,1996,EN,2,0,0,0,0,0,0,0,0,0,0,1,0,0,0,0,0,1,0,0,0,0,0,0,0,0,0,0,0,0,0,0
Saint Lawrence Island Shrew,Sorex jacksoni,Soricidae,Terrestrial,Mammalia,Terrestrial mammals,5,2.5,242,6.5,1.9,2,6,LC,2016,NA,NA,NA,NA,NA,1996,EN,3,0,0,0,0,0,0,0,0,0,0,0,0,0,0,0,0,1,0,0,0,0,0,0,0,0,0,0,0,0,0,0
Portenkoi's Shrew,Sorex portenkoi,Soricidae,Terrestrial,Mammalia,Terrestrial mammals,5,2.5,242,6.5,1.9,2,6,DD,2016,NA,NA,NA,NA,NA,1996,LR/lc,3,0,0,0,0,0,0,0,0,0,0,0,0,0,0,0,0,1,0,0,0,0,0,0,0,0,0,0,0,0,0,0
Alaska Hare,Lepus othus,Leporidae,Terrestrial,Mammalia,Terrestrial mammals,3068,18,266,3.96,2.07,2,6,LC,2008,NA,NA,NA,NA,NA,1996,LR/lc,3,0,1,0,0,2,0,0,1,1,1,3,0,2,2,0,2,1,3,1,1,2,2,3,2,1,5,4,3,4,4,2
Arctic Hare,Lepus arcticus,Leporidae,Terrestrial,Mammalia,Terrestrial mammals,3030,18,309,3.96,2.07,2,6,LC,2008,NA,NA,NA,NA,NA,1996,LR/lc,2,1,2,2,1,3,2,0,3,2,2,2,4,6,5,3,2,1,3,2,4,2,2,1,2,3,2,1,5,3,2,2
Alaska Marmot,Marmota broweri,Sciuridae,Terrestrial,Mammalia,Terrestrial mammals,3180,12.1,868,4.635,0.75,2,6,LC,2016,NA,NA,NA,NA,NA,1996,LR/lc,3,0,0,0,0,0,0,0,1,0,0,0,0,0,0,0,0,0,0,0,1,2,0,4,0,0,2,0,0,1,1,1
Arctic Ground Squirrel,Urocitellus parryii,Sciuridae,Terrestrial,Mammalia,Terrestrial mammals,747,2.6,383,6.3,1,2,6,LC,2016,1,1,0,0,3,1996,LR/lc,4,1,0,0,2,0,1,1,2,2,1,3,2,6,3,4,3,1,2,6,3,3,2,4,6,10,9,7,7,11,8,8
Nearctic Collared Lemming,Dicrostonyx groenlandicus,Cricetidae,Terrestrial,Mammalia,Terrestrial mammals,66,3.3,40,3.4,8.5,2,6,LC,2016,NA,NA,NA,NA,NA,1996,LR/lc,3,0,1,1,1,1,0,7,2,5,2,1,3,3,4,3,6,3,4,1,4,2,4,2,3,9,5,1,5,3,2,1
Ungava Collared Lemming,Dicrostonyx hudsonius,Cricetidae,Terrestrial,Mammalia,Terrestrial mammals,57,0.7,NA,3.49,1.5,2,5,LC,2016,NA,NA,NA,NA,NA,1996,LR/lc,3,0,0,0,0,0,0,1,0,1,0,0,0,0,0,0,0,0,0,0,0,1,0,0,0,0,0,0,0,0,0,0
Nelson's Collared Lemming,Dicrostonyx nelsoni,Cricetidae,Terrestrial,Mammalia,Terrestrial mammals,58,3.3,40,3.4,2.5,2,6,LC,2016,NA,NA,NA,NA,NA,1996,LR/lc,3,0,0,0,0,0,0,0,0,0,0,0,0,0,0,0,0,0,0,0,0,0,0,0,0,0,0,0,0,0,0,0
Richardson's Collared Lemming,Dicrostonyx richardsoni,Cricetidae,Terrestrial,Mammalia,Terrestrial mammals,55,3.3,91,3.5,2.5,2,6,LC,2016,NA,NA,NA,NA,NA,1996,LR/lc,3,1,0,2,0,0,0,0,0,0,0,0,0,0,0,0,0,1,0,0,0,0,1,0,0,1,0,0,0,0,1,0
Palearctic Collared Lemming,Dicrostonyx torquatus,Cricetidae,Terrestrial,Mammalia,Terrestrial mammals,85,3.8,91,4.07,2,2,6,LC,2016,0,0,0,1,1,1996,LR/lc,3,1,0,0,0,1,0,2,0,0,1,0,0,3,1,1,1,1,0,0,0,3,0,0,0,0,0,1,0,0,1,0
Wrangel Island Collared Lemming,Dicrostonyx vinogradovi,Cricetidae,Terrestrial,Mammalia,Terrestrial mammals,68,3.8,91,3.85,1.75,2,6,DD,2016,0,0,0,1,1,1996,CR,3,0,0,0,0,0,0,0,0,0,1,0,0,0,1,0,0,1,0,0,0,0,0,0,0,0,0,0,0,0,0,0
Norway Lemming,Lemmus lemmus,Cricetidae,Terrestrial,Mammalia,Terrestrial mammals,70,3.3,24,7,2.5,2,6,LC,2016,NA,NA,NA,NA,NA,1996,LR/lc,1,0,0,1,1,1,1,0,2,2,0,3,2,5,8,8,5,0,6,5,2,7,4,4,1,11,5,8,13,7,4,5
Nearctic Brown Lemming,Lemmus trimucronatus,Cricetidae,Terrestrial,Mammalia,Terrestrial mammals,61,1.7,51,6.39,3.25,2,6,LC,2016,NA,NA,NA,NA,NA,2008,LC,2,0,0,0,0,1,0,0,0,0,0,0,0,0,0,2,1,0,3,0,0,1,0,0,1,6,2,1,4,2,2,2
Singing Vole,Microtus miurus,Cricetidae,Terrestrial,Mammalia,Terrestrial mammals,40,2.1,41,5.96,4.67,2,6,LC,2016,NA,NA,NA,NA,NA,1996,LR/lc,3,0,0,0,0,2,0,1,0,2,0,0,0,0,1,0,1,0,1,1,0,2,0,1,0,0,0,1,1,2,0,2
Tundra Vole,Microtus oeconomus,Cricetidae,Terrestrial,Mammalia,Terrestrial mammals,58,2.2,30,7,3.5,2,6,LC,2016,NA,NA,NA,NA,NA,1996,LR/nt,4,2,0,0,1,1,5,5,4,15,8,9,16,14,8,14,14,10,10,14,13,15,16,14,13,19,11,21,11,10,8,5
Caribou,Rangifer tarandus,Cervidae,Terrestrial,Mammalia,Terrestrial mammals,101250,21.8,662,1,1,2,6,VU,2016,1,1,1,0,9,1965,NA,4,15,7,12,11,10,19,19,18,22,22,27,42,22,50,41,37,58,48,58,55,69,52,53,61,65,73,74,78,65,70,74
Muskox,Ovibos moschatus,Bovidae,Terrestrial,Mammalia,Terrestrial mammals,315000,27.4,1096,1,0.8,2,6,LC,2008,0,1,0,1,3,1996,LR/lc,2,2,0,7,2,4,1,1,4,6,4,8,6,7,5,6,8,7,4,8,5,8,3,3,6,10,8,3,4,2,1,4
Gray Wolf,Canis lupus,Canidae,Terrestrial,Mammalia,Terrestrial mammals,26625,20.6,669,6,0.8,3,6,LC,2010,1,1,0,0,5,1982,V,9,3,1,3,3,22,19,20,19,17,35,32,43,32,43,32,47,48,72,70,70,80,79,89,91,98,112,101,97,129,135,118
Arctic Fox,Vulpes lagopus,Canidae,Terrestrial,Mammalia,Terrestrial mammals,5200,16.3,304,9,1,3,6,LC,2014,1,1,1,0,6,1996,LR/lc,4,0,1,5,1,7,13,9,6,15,12,7,12,8,15,13,13,17,11,13,12,24,23,20,16,23,23,22,16,18,25,33
Brown Bear,Ursus arctos,Ursidae,Terrestrial,Mammalia,Terrestrial mammals,277500,40,1313,2,0.4,2.5,6,LC,2017,1,1,0,1,32,1996,LR/lc,4,2,2,3,2,13,19,6,19,23,27,21,34,34,37,36,63,37,79,68,70,72,73,76,73,77,102,99,111,91,110,100
Least Weasel,Mustela nivalis,Mustelidae,Terrestrial,Mammalia,Terrestrial mammals,47,9.1,120,5,1.5,3,6,LC,2016,1,1,0,0,4,2016,LC,1,2,2,3,1,2,9,7,3,11,11,12,13,9,12,7,11,13,12,10,14,8,9,7,14,5,9,15,8,7,14,14
Stoat,Mustela erminea,Mustelidae,Terrestrial,Mammalia,Terrestrial mammals,110,12.5,95,6.77,1,3,6,LC,2016,NA,NA,NA,NA,NA,1996,LR/lc,3,3,2,1,3,7,5,9,8,12,19,13,19,19,19,18,18,23,18,17,23,20,19,10,17,10,20,15,11,13,10,18
Wolverine,Gulo gulo,Mustelidae,Terrestrial,Mammalia,Terrestrial mammals,16333,19.5,710,3,0.5,3,6,LC,2016,1,1,0,0,13,1988,V,7,1,2,1,1,2,0,2,2,4,3,4,6,2,3,4,7,6,12,5,9,29,10,6,12,10,13,14,13,11,13,6